case_id,true_label,logistic_regression_pred,logistic_regression_proba,random_forest_pred,random_forest_proba,xgboost_pred,xgboost_proba
case_0000,1,0,0.4313114900979151,1,0.5043008294818212,1,0.50431484
case_0001,1,1,0.9052580173765833,1,0.9371802127610952,1,0.90103996
case_0002,1,1,0.9234637484054463,1,0.8867725197918697,1,0.8922441
case_0003,0,1,0.6165345511639456,1,0.5216995070854555,0,0.47939813
case_0004,0,1,0.5636442193944727,0,0.48243174576980996,1,0.51837206
case_0005,0,0,0.25027575473728775,0,0.380189882199557,0,0.48772463
case_0006,0,1,0.8766808283001185,1,0.91293361948509,1,0.88854647
case_0007,1,0,0.44321770821450274,0,0.4968324594970707,0,0.49713933
case_0008,0,1,0.9424747631231618,1,0.8517709790209789,1,0.8975214
case_0009,0,0,0.0658009292829067,0,0.07008443136879032,0,0.09774939
case_0010,0,0,0.0912461387799626,0,0.1538384186548324,0,0.10874582
case_0011,0,0,0.48010461956448963,0,0.4743648436130668,1,0.50268245
case_0012,1,1,0.9068428458286963,1,0.8762952602952603,1,0.8909159
case_0013,0,1,0.7290377717952492,1,0.7445706873106255,1,0.5081247
case_0014,1,1,0.5602190974048404,0,0.4980941389940442,0,0.49127585
case_0015,0,0,0.037587305588701304,0,0.08921281627428514,0,0.100665726
case_0016,1,1,0.6158379025758329,1,0.5446636076893102,0,0.49844286
case_0017,1,0,0.3706469981840883,0,0.3956622483270921,1,0.50158614
case_0018,0,0,0.06752294396552597,0,0.07713914246347696,0,0.10358155
case_0019,0,1,0.573267621424066,1,0.5804009952036266,1,0.50277036
case_0020,1,1,0.9943629541074254,1,0.8473251458983332,1,0.89986944
case_0021,1,0,0.4633561918716367,0,0.4246309774408287,1,0.506686
case_0022,0,1,0.6386272464268472,1,0.5484733701970544,0,0.49822587
case_0023,0,0,0.4430447173474991,1,0.6516290890320229,0,0.48470074
case_0024,1,1,0.9635654084303511,1,0.9200512820512822,1,0.89287823
case_0025,0,0,0.06058253527151065,0,0.05589739925965434,0,0.10514764
case_0026,0,1,0.6096948449152657,1,0.5915009358304303,0,0.4871099
case_0027,1,1,0.5098776901789996,1,0.571761379143732,0,0.4849474
case_0028,0,0,0.03648614315041635,0,0.09862296927044234,0,0.10240159
case_0029,1,1,0.8600190125031877,1,0.8327473311002721,1,0.8909219
case_0030,0,0,0.038254423659555954,0,0.16030994729907772,0,0.10306249
case_0031,0,1,0.55476299541284,1,0.508923151241902,1,0.52141464
case_0032,1,1,0.6052353273128311,0,0.49894804297010176,1,0.5055224
case_0033,0,0,0.46849911972915553,0,0.4714773376280994,1,0.50236535
case_0034,1,0,0.4210088282892522,1,0.5578984833984161,1,0.51121336
case_0035,0,0,0.07498510853476097,0,0.1328963612831657,0,0.10086191
case_0036,1,1,0.8900788799290847,1,0.8649528110778109,1,0.89366925
case_0037,1,1,0.9477273500336798,1,0.9149842379842377,1,0.8940755
case_0038,0,0,0.3578644073179003,1,0.5299600619181393,0,0.48932013
case_0039,0,1,0.8848232323046804,1,0.8883541319791318,1,0.8936853
case_0040,0,1,0.5804511879146552,1,0.5065402363864151,0,0.47788957
case_0041,0,1,0.5732399618607175,0,0.44712185314685315,0,0.49030858
case_0042,0,0,0.05002792837954136,0,0.08390074090916066,0,0.10166156
case_0043,1,1,0.6536636365616781,1,0.5928366527263587,1,0.5123136
case_0044,0,1,0.5219358225903407,1,0.5473596825860758,1,0.50192434
case_0045,0,0,0.07564880398100124,0,0.19190236809973651,0,0.10901765
case_0046,1,0,0.45520701362488186,1,0.5741624625374628,1,0.5029913
case_0047,0,1,0.5836654756418486,1,0.5692539315353286,0,0.49855056
case_0048,1,1,0.8717204521096751,1,0.8889897307493497,1,0.89592236
case_0049,0,0,0.0932244774361542,0,0.09331222396338079,0,0.10396928
case_0050,0,0,0.059734778213412706,0,0.09155584904187046,0,0.11315463
case_0051,0,0,0.10811204391203022,0,0.06841975348858169,0,0.099405885
case_0052,0,1,0.9546796371827068,1,0.8500174963924962,1,0.89265656
case_0053,0,1,0.5262592376952153,1,0.5391104446011747,0,0.4883161
case_0054,0,0,0.06715838306967661,0,0.10240403982333453,0,0.1022488
case_0055,1,1,0.667230013509795,1,0.6300385489310295,1,0.5021477
case_0056,0,0,0.06404828418981068,0,0.06715167069832574,0,0.10093973
case_0057,1,1,0.878421344642184,1,0.8567603944080925,1,0.894632
case_0058,0,0,0.45533631100924554,0,0.4701900557917412,1,0.510957
case_0059,1,1,0.598171240292055,1,0.5172522081289883,0,0.49220946
case_0060,1,1,0.9388927565208713,1,0.9444366466866464,1,0.8997319
case_0061,1,1,0.609509771666085,1,0.5335113358863359,1,0.516411
case_0062,1,1,0.9663983990587609,1,0.9075575891087176,1,0.9009092
case_0063,0,0,0.42547891635341506,0,0.45826678803652476,0,0.48424655
case_0064,1,1,0.8956229028330114,1,0.9387081945831945,1,0.9104173
case_0065,1,1,0.9104437939169479,1,0.833129773004773,1,0.89364594
case_0066,0,0,0.4727048306188891,0,0.39900542209086837,0,0.47922072
case_0067,1,1,0.8674915928858626,1,0.9170014568336238,1,0.8934321
case_0068,1,1,0.910625882397174,1,0.8834749563451608,1,0.8962669
case_0069,1,0,0.39606240057554615,0,0.4299737759048103,1,0.5160263
case_0070,1,0,0.4011119267173195,1,0.5062901136803576,0,0.49718365
case_0071,0,0,0.4821941097280146,1,0.5065605881047055,0,0.48541433
case_0072,1,1,0.9203936332052148,1,0.9218151015651016,1,0.8978534
case_0073,0,0,0.4681124335099806,0,0.4823276998994544,1,0.52190876
case_0074,1,1,0.5976515395307752,1,0.5337930907566847,1,0.51603085
case_0075,1,1,0.9658464709226775,1,0.9041229603729604,1,0.89901197
case_0076,1,0,0.46969898407182736,1,0.5282556626380157,0,0.49966246
case_0077,0,0,0.4390320751074731,0,0.4574915509243037,1,0.5048674
case_0078,1,1,0.5083708656585603,0,0.41390393906202727,0,0.4878221
case_0079,1,1,0.9704273218111822,1,0.9257786461194389,1,0.8977942
case_0080,1,1,0.9594144946300427,1,0.8608938095486603,1,0.8957149
case_0081,1,0,0.45446103174740626,0,0.444481485555347,1,0.5047654
case_0082,0,0,0.3866909886669167,0,0.41102577731153916,1,0.51156604
case_0083,0,1,0.6158128078309756,1,0.6330752609010616,0,0.49757472
case_0084,0,0,0.030433388533616615,0,0.08996476013351802,0,0.09786332
case_0085,1,1,0.8876387396056507,1,0.8993043084366614,1,0.9079891
case_0086,0,0,0.0873001840630262,0,0.15527782298970377,0,0.11129282
case_0087,0,0,0.05910197681876831,0,0.044493019466527416,0,0.098935656
case_0088,0,0,0.0802425978144381,0,0.0955425369199074,0,0.112431735
case_0089,1,1,0.6528814434762829,1,0.5296669874243405,1,0.5063493
case_0090,1,0,0.45426727958400764,0,0.38319562437362564,0,0.4906868
case_0091,1,1,0.8918525612041056,1,0.912992338543809,1,0.8902634
case_0092,1,1,0.5803929832769558,1,0.5627118032350533,1,0.50614625
case_0093,1,1,0.5276098016752294,1,0.532722372398843,1,0.5038547
case_0094,0,0,0.0510936164064166,0,0.05967877402117506,0,0.109760225
case_0095,1,1,0.9256711005343573,1,0.9130442204853972,1,0.8974121
case_0096,1,1,0.9196406028158802,1,0.9231107503607505,1,0.8913055
case_0097,0,0,0.040147106141816394,0,0.12157889558956526,0,0.10509661
case_0098,1,1,0.5380632678706847,1,0.5890279197067123,0,0.4904272
case_0099,1,1,0.9412226425458942,1,0.9382351986249046,1,0.9086244
