case_id,ExternalRiskEstimate,MSinceOldestTradeOpen,MSinceMostRecentTradeOpen,AverageMInFile,NumSatisfactoryTrades,NumTrades60Ever2DerogPubRec,NumTrades90Ever2DerogPubRec,PercentTradesNeverDelq,MSinceMostRecentDelq,MaxDelq2PublicRecLast12M,MaxDelqEver,NumTotalTrades,NumTradesOpeninLast12M,PercentInstallTrades,MSinceMostRecentInqexcl7days,NumInqLast6M,NumInqLast6Mexcl7days,NetFractionRevolvingBurden,NetFractionInstallBurden,NumRevolvingTradesWBalance,NumInstallTradesWBalance,NumBank2NatlTradesWHighUtilization,PercentTradesWBalance,ExternalRiskEstimate_missing_no_bureau_record,MSinceOldestTradeOpen_missing_no_usable_trades_or_inquiries,MSinceMostRecentDelq_missing_no_usable_trades_or_inquiries,MSinceMostRecentDelq_missing_condition_not_met,MSinceMostRecentInqexcl7days_missing_no_usable_trades_or_inquiries,MSinceMostRecentInqexcl7days_missing_condition_not_met,NetFractionRevolvingBurden_missing_no_usable_trades_or_inquiries,NetFractionInstallBurden_missing_no_usable_trades_or_inquiries,NumRevolvingTradesWBalance_missing_no_usable_trades_or_inquiries,NumInstallTradesWBalance_missing_no_usable_trades_or_inquiries,NumBank2NatlTradesWHighUtilization_missing_no_usable_trades_or_inquiries,PercentTradesWBalance_missing_no_usable_trades_or_inquiries
case_0000,-0.07992587401827743,-0.011428782942871363,0.015730991595908593,-0.06764596694766743,-0.04845801404667386,0.0062507268830059096,-0.006901647841677042,-0.032007540026044286,-0.02804357103267008,-0.02750169201588832,0.0010037947180890168,-0.0165069078872207,0.006747996341667042,0.033531112388477995,-0.04047068081511352,0.032938195215577434,0.0028934397982230448,0.06179965817397603,0.022608400058985914,0.02860891174789141,-0.012374416235549215,0.03933772837575139,-0.0009797906352439413,-0.0035679356401230196,-0.00902016751844497,0.00245539380764871,-0.038441486154692506,-0.04642398784365455,0.022945624470238856,0.002088269754572878,-0.005834898636907569,-0.004452221665358763,0.004342890773648042,0.02743330007548045,0.013167058311025225
case_0001,-0.0793249150886425,-0.010476922913424433,0.015932540569862607,-0.06703543894343346,-0.04772034772690067,0.006115874317152765,-0.007127484482839485,-0.03196677720888312,-0.027616604192697833,-0.027182091760221877,0.0008982537939177535,-0.016494617066847985,0.0066175238266123594,0.033229127599513165,-0.04017773918111954,0.03273570415865374,0.002664432023714232,0.06013042693491453,0.02195795412126353,0.028408792670202777,-0.01187074821160534,0.03930976328609409,-0.001003731766029878,-0.0037603673830204514,-0.008179104344355499,0.001044034298716819,-0.03805823443119953,-0.04652232329510794,0.022626611570339385,0.002400249954770769,-0.00557741620708893,-0.004751859807657798,0.0044968075962656725,0.02701366616229228,0.013342042166507702
case_0002,-0.07802225774874394,-0.009641590575779839,0.015166767399989893,-0.0652046311032063,-0.04673338646065119,0.006571816055968581,-0.006804169025385285,-0.03091628700647977,-0.026637809525630784,-0.02673945927579533,0.00014390989542362363,-0.01585564646110874,0.006976213925256395,0.031965237516172196,-0.03881910956332244,0.032424089921376256,0.0024963119400197927,0.06023881867829178,0.021642410794966666,0.027747148180857495,-0.01169151192915866,0.03847614375274532,-0.0017284246045951362,-0.003052245181603793,-0.007987978480120603,0.0024441454894624875,-0.03765321484629445,-0.04575877181018367,0.021629063151146526,0.0003106783076284073,-0.00508260534715802,-0.005863271606625276,0.004091142780415227,0.025700810287717275,0.013112472060695834
case_0003,-0.08097884783759417,-0.010605907079778962,0.015965621607319187,-0.06744623962722862,-0.04876831250937209,0.006020926378636481,-0.006548686962766709,-0.03200804436851278,-0.028235393989548663,-0.027539105995899964,0.0008900726737630845,-0.016687252193784394,0.007197611789923913,0.033657128515092345,-0.0404501979366222,0.03291396267697042,0.003041837299701669,0.061684140335680704,0.023040793136875022,0.02813529275996683,-0.012030239517485749,0.039377505222305244,-0.0013031553913280594,-0.0035284523077199416,-0.00859600121682159,0.003072475625352667,-0.038657299053542836,-0.04689977663610755,0.022676674362924292,0.0024406202163081443,-0.00611281369557229,-0.003998465759913833,0.004165851574663879,0.02767799825814412,0.013611916524746586
case_0004,-0.08032720510229988,-0.010690355308518555,0.01572400188301905,-0.0672512550543755,-0.04832685588095709,0.0060703117192172015,-0.006852618895124169,-0.03198403173054061,-0.028463528769972987,-0.027728010358426397,0.0007200002111900539,-0.016848341258806625,0.007204994437076662,0.03348223916748432,-0.04032391513015585,0.0330972437264149,0.003108076891222881,0.06099087010606774,0.022271730729834224,0.028679937294276776,-0.012474100118107642,0.03975067054480661,-0.001078365418744742,-0.0041384706517259345,-0.008901841052585022,0.0030723296715035858,-0.03835175960776437,-0.046981285836892435,0.02256399706135082,0.001807927637922752,-0.005279322658533125,-0.004158008443423004,0.004333772851070472,0.026868144403617136,0.013695462158389841
case_0005,-0.08040287627501336,-0.010748163382592768,0.01559271858800425,-0.0675056224835097,-0.04891322314554533,0.00649041723042262,-0.006810795548855897,-0.031976186993338436,-0.028220088442686878,-0.028117939553734726,0.0010019365460373826,-0.017068106023554727,0.007323739285119831,0.03371185520582435,-0.0401347061044504,0.03341892599862071,0.0026460469391907594,0.061780004654449876,0.022283644531700657,0.02854945302041599,-0.01239147626852936,0.039536534016448736,-0.0006608747009715173,-0.003732097516717152,-0.008430865076232679,0.002577757892187363,-0.03869377790993,-0.04719792054553966,0.022434503203254453,0.0024295827716229066,-0.005531499943224903,-0.004042025828888684,0.003834570630743586,0.027740313933180855,0.013199020670588662
case_0006,-0.08014936278895661,-0.01088289313357429,0.016031703081840497,-0.06782291932664432,-0.04837938658911948,0.006130248256839126,-0.006496116240573623,-0.031901083398651234,-0.02800326591994643,-0.027899050548050704,0.0006001025322628264,-0.016362434056622435,0.0070305011395032395,0.03376764061190806,-0.0403073381903082,0.032851228481993434,0.002816109027674774,0.061160447866803205,0.022568449996414615,0.02798228651233485,-0.012108968793384575,0.039163542258200436,-0.0003972318068362836,-0.003693306132120462,-0.008612157043682513,0.0029336744878883563,-0.03850878655993585,-0.04659310348326398,0.022846782718423546,0.0022179592888679,-0.005878110313128947,-0.004087055090612314,0.0037027379596453153,0.027363546074537913,0.013651621934924587
case_0007,-0.0800902878284977,-0.010337373412277065,0.016047966285441268,-0.06712288802619487,-0.0484711484994625,0.006481337423529275,-0.006639020210224492,-0.03250436797536392,-0.027694392938205106,-0.02728304261110126,0.00033445687887536204,-0.016680347825621833,0.007044464887976613,0.033613153577206734,-0.04045487049138387,0.033170690755647894,0.002646958983817967,0.06119733127607701,0.02269009560932594,0.028319644177765158,-0.012093327669976891,0.03935724632152686,-0.0005686612278180646,-0.003548017826395806,-0.008834863507664846,0.002709005658556387,-0.0385652223560712,-0.04710412705166614,0.02307713504422197,0.0022239658306805283,-0.005702821787459404,-0.004419469224666995,0.004311863935571769,0.02709776731180658,0.013794995135055532
case_0008,-0.07948458535132347,-0.01028045239653465,0.016012286785681108,-0.06687763776588596,-0.048462764351295644,0.006139002374267803,-0.006960807306336795,-0.0319270435830097,-0.028061441115969227,-0.027205725283545413,0.0007287221508345455,-0.016785372111686066,0.007292105709110998,0.03363926278383913,-0.040053321484308985,0.03143674799238615,0.0012186420383755241,0.06103956927220118,0.022456022033814423,0.02804440908162767,-0.012838741625334651,0.03901549421955787,-0.0008838442145240193,-0.003856269519444626,-0.008373850457823656,0.003062858012786397,-0.03830301164813133,-0.0465493332641045,0.022763795760864236,0.002571286173553416,-0.005349010329994815,-0.0045574429527019174,0.004366390273845861,0.027657868158026875,0.013568321908998043
case_0009,-0.0793555019299004,-0.010642031228903854,0.01562654937482687,-0.06738104040107853,-0.04844218024635013,0.005833125682456535,-0.006805274505883787,-0.03170063485608974,-0.027932867618406583,-0.02719604738376322,0.0008493651965606073,-0.0164085022500495,0.006903362795190319,0.03359050576001327,-0.04025073158169381,0.03270514193368478,0.0029318622336271735,0.06091763361781416,0.022025561076289772,0.02846676414781887,-0.012047307945683445,0.038929273619697904,-0.0008218493070513928,-0.003670685533171452,-0.00874989302978055,0.002739104203011081,-0.03860401380375946,-0.04567283220455846,0.02268143125611011,0.002019762346616343,-0.00493637267476362,-0.004140450804761733,0.003612264142718504,0.027460350032317348,0.01318712108179214
case_0010,-0.07958739905068136,-0.010991708723625865,0.016042636595823247,-0.06699376428336214,-0.048206927419349975,0.006308305676282681,-0.00662176422919825,-0.03186507630622653,-0.028092587795189354,-0.027552974140365886,0.0007497114558497408,-0.0174891377843128,0.007206894997831955,0.033332281101643046,-0.040240278543732924,0.0328389249960899,0.002836294650447179,0.06058294711276585,0.02265220899517043,0.02871876531510851,-0.012190959174242056,0.03931151356857838,-0.0006491234203670753,-0.003465272055900966,-0.007083543663009582,0.0029677607381810595,-0.03786981653371193,-0.04633545568860602,0.022762079944007283,0.0016709349709696727,-0.005978322484639044,-0.004149619607430315,0.003824818537970835,0.027002911109459748,0.013859129521650885
case_0011,-0.08031474284877803,-0.010399563164839209,0.015859026983109665,-0.06798476838101976,-0.049043358830830684,0.0061222902300123415,-0.00679641130817519,-0.03176482467574485,-0.028022032784607364,-0.027584277157083212,0.0005454761840017413,-0.016689184549029686,0.00725073353157516,0.03380246480575811,-0.040271313529649515,0.03290946672769986,0.0029060252479746165,0.0614010011132053,0.022249965436205183,0.02886594424168423,-0.012051341563688174,0.03970834711433187,-0.0012207362865821508,-0.003853112598713625,-0.008758217149771578,0.003052674853245754,-0.038582424755969506,-0.04731391750102342,0.02267171107181292,0.00267889442353663,-0.005286409335662398,-0.004129021899655294,0.004109909738158008,0.02751912581128512,0.013402238160824058
case_0012,-0.07977522947665103,-0.010711770847591208,0.015690198540398402,-0.06724122501530139,-0.04777025381981308,0.006196706751930633,-0.006938973472394157,-0.0318890194513486,-0.0279312961254981,-0.027740222188223737,0.001022506561400977,-0.016599024186207914,0.007578769297563309,0.033635153159108845,-0.04015038034043126,0.03291469134937521,0.0027878602604365036,0.06077926941499118,0.022571952579086497,0.028472769596225498,-0.012027305145586776,0.03926482812253113,-0.0015936980002682023,-0.003902187460366003,-0.00816967285797473,0.0025333026897082964,-0.03815959502168625,-0.04684234292851275,0.022593705249295788,0.002575255174859237,-0.00607435665950435,-0.004429872217913007,0.004112896553020143,0.026939184797682165,0.013368534352502725
case_0013,-0.07731993559124874,-0.01013617294538855,0.015744400814049275,-0.06498066128259723,-0.047351737162795705,0.005968468563593937,-0.006570498555713736,-0.0305577122997079,-0.026937502416594657,-0.026290419078647206,0.0012708780474029384,-0.016092887626008873,0.006809495319638638,0.032984049601332124,-0.03872375526261891,0.03210212645229955,0.0023247746759701565,0.05850619385177809,0.02197408352253557,0.027163767878572984,-0.011480740050145984,0.03823522405874016,-0.0009423741984863628,-0.0035559015758280035,-0.00838023480635087,0.0028147064571427704,-0.03758310393884047,-0.045360179073109505,0.021825622450600643,0.0031849095135351637,-0.005485595344313555,-0.0034055415817092587,0.003921715673649204,0.026585893384390578,0.013406195612367385
case_0014,-0.08057843294349926,-0.010689913816395225,0.015727076208195207,-0.06746033328773003,-0.04882090343495002,0.006951396810912808,-0.007031548577023023,-0.03154656386533279,-0.02806074650177649,-0.027878310610776894,0.0006601797108565992,-0.0170024488311143,0.007321917599396219,0.033808337409708525,-0.03998723312436486,0.032952426883545875,0.002922797188456019,0.061802170294440545,0.0221752742803627,0.028742359753322663,-0.01243711914570771,0.03989835962441067,-0.001038268750725287,-0.003713156565296895,-0.00858110660323457,0.0031116706747963073,-0.03851902080204684,-0.047214443880370535,0.022648035493061595,0.0022176571378846907,-0.005769170896938317,-0.004047145884081158,0.004271299356041931,0.027684742627371473,0.01373662912373288
case_0015,-0.07945502322741782,-0.009991110345202538,0.016076403405016818,-0.06597134771365842,-0.04876189009364753,0.006082167569306635,-0.00756033871700714,-0.03189594397142825,-0.02783102634232234,-0.02740447012070738,0.0013001974916913741,-0.016582305833539847,0.006643277473289257,0.03425952709545546,-0.040260713207273986,0.0328848298316505,0.0018911065239115633,0.06084641013388321,0.02205686240154408,0.027798978334260527,-0.011806904480930821,0.039570619747782455,-0.0014926637067689944,-0.0032578071660349737,-0.0087008345498107,0.00240820293872456,-0.0379759604707044,-0.0449961088776476,0.022257254524269576,0.002120709071409342,-0.005036855604057935,-0.004195174223188467,0.0041401144507092185,0.027438469832338663,0.013803028357905608
case_0016,-0.08016219963897052,-0.01074253129219179,0.016046878433366673,-0.0673012925541317,-0.04850107726741502,0.006239925849158287,-0.00660956440988089,-0.03192410300434571,-0.02834071395342342,-0.027858124821109317,0.0006552331825250742,-0.01677877027177048,0.00668426338386224,0.033977353591437824,-0.04096787352857471,0.033183406974929004,0.002666561864839982,0.061517558532388765,0.022824055081286848,0.028535619323094723,-0.01200191237274956,0.03932949843058188,-0.0013769519570431222,-0.0034625022446756024,-0.008982476580827303,0.0028046178837359483,-0.03881264574518878,-0.04695430721030323,0.02313209764790208,0.0024129632360735415,-0.005965171692217288,-0.004597526215920839,0.004076769302079879,0.027447554134466055,0.013643051987923135
case_0017,-0.0801682142095967,-0.010738875082409585,0.015963008153949063,-0.06771025528761468,-0.04843536916553441,0.006315745462828697,-0.006745733621189577,-0.031783328300834635,-0.02830504209984516,-0.02732166265950784,0.0008007040840019502,-0.016263308017652273,0.006936421105211958,0.03372886629664609,-0.040316363781570275,0.033013812426420916,0.002577818416066855,0.06142287898345798,0.022740138337736124,0.02914316995203697,-0.012437090596857145,0.03950358696599988,-0.0006173888385740431,-0.004097168565095202,-0.008562121026601562,0.0032497950299834387,-0.03867590261848423,-0.04672509482327158,0.02307937593553664,0.002596703937438467,-0.00589718625432121,-0.004339149374381888,0.00426757730783236,0.027470901042035117,0.013629608857522136
case_0018,-0.08043377209752167,-0.010689865081492814,0.01600164027001443,-0.06800989720429744,-0.048710443344068086,0.006188006670260364,-0.0068922112703717125,-0.032024157921518887,-0.02859256601199262,-0.027408273369347102,0.0011557224328058201,-0.016386386566616982,0.0072542743166902806,0.03378764828207801,-0.04065357594612545,0.032473160108980034,0.0027453462367924577,0.061246007005221315,0.022153376829706403,0.02858256709563468,-0.012052062329096676,0.03981340488702097,-0.0007310467645377237,-0.00406056455503842,-0.008747006249572573,0.0029332111181377524,-0.038332760678661836,-0.046438629847128696,0.022543716984327188,0.0024034996747900007,-0.0057679653600335515,-0.004288375931081957,0.004260517507940278,0.026950780903864307,0.013580295556964347
case_0019,-0.08083949386249199,-0.010990178321453202,0.015773993392921667,-0.06786493017928745,-0.048078092757836643,0.006272643055714119,-0.006724735814506125,-0.032042474556824116,-0.027936707934576564,-0.02771873903930155,0.00039233498412543266,-0.017223628314686636,0.006930734959817439,0.03355094401361055,-0.040387719910126074,0.03313964579676495,0.0029610614915650322,0.06180648627771185,0.022349380945461923,0.02914874826585198,-0.01210838457985495,0.039494280307208716,-0.0006912547153099427,-0.0034824382563066647,-0.008593365571547246,0.0029877686132926402,-0.0388042794289596,-0.04701145530735548,0.0226140280550337,0.0023758459260947904,-0.005720853104159616,-0.00429604547120366,0.004062692026338431,0.027575799896667356,0.013664880461910105
case_0020,-1.8238669470193399e-07,-2.147709775342979e-07,-5.242844965289089e-08,-2.668113087251396e-07,-2.2508577099549699e-07,-6.017458032479553e-08,-4.8912166216539256e-08,6.441458551352275e-08,-6.902505907323371e-08,7.636050862057973e-08,1.0187897896975933e-07,-1.780554105007758e-07,6.489300933081388e-08,-2.028648465281066e-07,-5.978863515619013e-08,2.3842158556559135e-06,2.4311141806465026e-06,1.5079756685879782e-07,-1.3029063850164017e-07,-3.19598577931848e-08,-1.4944835590498945e-07,8.15324603864476e-08,1.7718874782349284e-07,1.5096260941575704e-10,-1.7121845976354106e-08,-1.574093899310079e-08,1.0930140229879566e-07,-2.8923534028765347e-08,-5.602064121139631e-08,-8.818774447513837e-09,1.5633607753005121e-07,-1.218088788697717e-08,3.7092788529843925e-07,-2.630037439730629e-08,-5.4884644750565705e-09
case_0021,-0.08013334068970714,-0.010048455760478978,0.01566132833796412,-0.06761586331010623,-0.04895622113661874,0.006127240224966917,-0.0066587188188853294,-0.03234757778948963,-0.02850238649081846,-0.027918048149777323,0.0005721221206407305,-0.0167794982126448,0.006852140459363876,0.0339307456543558,-0.040434416748114405,0.032796339986381394,0.0027725964186653736,0.06173123400318684,0.022387840592868895,0.029164374291419264,-0.0120148808502542,0.03939356143554103,-0.0008482172121766069,-0.0035102875578180755,-0.008447027806680642,0.00260151800092695,-0.03854464545846826,-0.04679759459955566,0.022396630660052912,0.0023848183130661866,-0.005784874369772096,-0.0045320006928191246,0.003746703281822529,0.027413318438936757,0.013557610318848726
case_0022,-0.08047006374129913,-0.010415146988421192,0.016384463279943386,-0.0676859064129014,-0.04898319223930301,0.006509470431672266,-0.0067316762921620955,-0.03203465810005583,-0.028096168779293985,-0.0281995824962297,0.0005275636655059081,-0.01704359867720476,0.007206145677339565,0.0342708993684272,-0.040171464868508165,0.032989881855721014,0.0026204654126520985,0.06129717852269807,0.022482060564765923,0.028785973394100602,-0.012506411440095042,0.039668920544344115,-0.0014115937246389316,-0.00371663942760392,-0.008860393346604043,0.0028863679122583356,-0.03879460345554836,-0.047011683112727534,0.022773510103015735,0.0023150604561819493,-0.005223489070265265,-0.004662432988192862,0.004393740999127179,0.02730266646008604,0.013797326645879121
case_0023,-0.08020618187229811,-0.010956414477320407,0.015504017478773151,-0.0676216971819453,-0.04899537740424595,0.0065232611176974835,-0.006989266784008559,-0.032164006972604124,-0.0279228268295121,-0.027393021496960084,0.0008185649307484,-0.016531883011691333,0.0074922394164859876,0.03379299304637634,-0.04033351930336533,0.03306115430100504,0.0024692236500384714,0.06096134928684836,0.0223645033459718,0.0280080739722738,-0.012070970175720964,0.039979348572295244,-0.0010020098503975402,-0.0037061628281003186,-0.00832615455538724,0.0026796426891066345,-0.03923550311464889,-0.04685906100707858,0.022854415280876138,0.002834672496047786,-0.006165406582039521,-0.004619439739942904,0.003979132225419972,0.02757149999375061,0.013838429384954122
case_0024,-0.07914595903041033,-0.010719410754231308,0.015752633508874413,-0.0665362781138755,-0.04811701592677759,0.005945598511617515,-0.0067499699731017266,-0.030647679264035426,-0.028681160833023727,-0.027262609800378344,0.0016759204909217236,-0.016429015656731973,0.007277945752230949,0.033408884462736765,-0.03995899028741194,0.0327115923617178,0.002930622520807443,0.060599347682065374,0.02238213257385578,0.02876593444478183,-0.012286179798870872,0.03949624111105934,-0.0008290874125236274,-0.0037403025238197853,-0.008804297363889558,0.0031516177836043357,-0.03833674388169462,-0.046591688968652185,0.022482799392366103,0.002432692005802737,-0.006071531272929973,-0.0040533928093348225,0.003744825500088907,0.026225324511436627,0.012760938058673572
case_0025,-0.07954437677633483,-0.010336891653692282,0.017037694320359842,-0.06740160887373853,-0.04932459925132804,0.0060716060113903975,-0.007287116389661014,-0.0314474898247545,-0.028294774702286127,-0.027725552140299547,0.0012084129316269154,-0.017186740811558597,0.00665533694061379,0.03328833295986772,-0.0402807363527386,0.03285412881459478,0.0028744914797711224,0.06099297856988993,0.02216884756969904,0.02832638578548675,-0.012660246263913806,0.03932184278964403,-0.0009375098380371381,-0.004001891889775014,-0.008390444562076136,0.002650729039349476,-0.03849635490870245,-0.04535738403186127,0.02250712658585672,0.0021256635672552994,-0.005204039898093578,-0.004156632974224273,0.00422633318324129,0.027533725970133392,0.013654622258540697
case_0026,-0.07993533357842057,-0.010772912288238673,0.015794217164135087,-0.06725262472020713,-0.04835399502992037,0.006019133470291312,-0.006814968377437488,-0.0320136417517757,-0.027715421586590964,-0.02740951691784291,0.0007472167748253494,-0.01688956856261056,0.007670060597367983,0.03373694761490322,-0.040376280797489894,0.033244459286457154,0.00290155429363235,0.061225554850619944,0.022360015228286505,0.028249648734756487,-0.012091389806933917,0.039606578091445896,-0.0007375732033952011,-0.004223423962558743,-0.008689145725248381,0.0027647156214927597,-0.038429982954936805,-0.04622191984687772,0.02247714204326327,0.002322687162076581,-0.005423085017823394,-0.00384562838233984,0.004335482915605517,0.027649083427939276,0.012971300158594335
case_0027,-0.0804693051169651,-0.010577956010352196,0.016018680870774717,-0.06758753789901155,-0.048974176453693154,0.006276163773097176,-0.006652482488338107,-0.032088630959962686,-0.028005338543052417,-0.02784799958645463,0.0003841111630668494,-0.016877213015926006,0.007102090388981703,0.0333835166325363,-0.04030061305336948,0.03291306736138952,0.0019353067517034104,0.0614345300341899,0.02258907297488883,0.02846455608215189,-0.012207840675863557,0.03992604301852145,-0.0008562710595303272,-0.0038795284723280453,-0.008675970452612685,0.002840042258945096,-0.0386160780019857,-0.04681796429549245,0.02259244159028746,0.002315951100950069,-0.006480228940501351,-0.004093995122870219,0.003841531459253656,0.02760204007684454,0.01341064879057203
case_0028,-0.07995400336989791,-0.010052625442508137,0.01590364030054932,-0.06669485798169285,-0.049501931779989905,0.006215451132067729,-0.006968321176956074,-0.032320342854524634,-0.027813436537046956,-0.02742912099902197,0.0011146370238737794,-0.017083201249587017,0.006917203245636862,0.03311363263533127,-0.040052838384005404,0.032991928886199576,0.002011128228367801,0.06138677637023965,0.022925435347068788,0.02838896625164966,-0.012091053488632684,0.03894313882214598,-0.0007107734307591409,-0.003588499564608886,-0.009040061815456267,0.0029216310814741756,-0.038054156600981735,-0.04508201025769044,0.02298037281674545,0.002199018975837382,-0.006067053750639325,-0.004380062332814397,0.004095494421679712,0.027673376483082504,0.013494480728537003
case_0029,-0.07598321293614509,-0.010641748368826132,0.014915265261098752,-0.06419206515022338,-0.04611146443965277,0.0060914487304771486,-0.005710649343350604,-0.03053182112862196,-0.027273753602921308,-0.026703684821970178,0.00017010029631710387,-0.016114004364292427,0.007260464697732023,0.03218814238048519,-0.037994099783144955,0.031407818130242814,0.0024027515542452437,0.05785149276270941,0.021483952704989012,0.027029311999279392,-0.011315987093029865,0.037775353464276115,-0.0010009259819432584,-0.003684878795947211,-0.008436405316703068,0.0026263454435549757,-0.036756080790697386,-0.0447356612740509,0.021385185818072923,0.0030144700112328484,-0.005717744217411078,-0.003708187080300327,0.004184177176954071,0.026023607363683896,0.013166732762520814
case_0030,-0.07960909145491152,-0.010572225007846705,0.015987596163890113,-0.06710239478765086,-0.04807314883021555,0.006135738969160942,-0.006714056545837399,-0.03133726868502025,-0.027315167000631625,-0.0277597121255957,0.0005915487689270648,-0.016118443230774725,0.006475940079969966,0.03342231029266905,-0.04030508840029158,0.03276692972826194,0.002619484511341166,0.06080536938781482,0.021670422228444425,0.028300399705073517,-0.011828712371612683,0.03923045027379515,-0.0014296363373919546,-0.003844593337496543,-0.008653372662357968,0.0027195335389464627,-0.038396215886638684,-0.04503805606675114,0.022443675829854366,0.002518435386426404,-0.005293174410588294,-0.004882688311111807,0.004364927460158434,0.027397123737241316,0.013195033648283682
case_0031,-0.08020227188551664,-0.010306093851857075,0.01649157169743902,-0.06773763072806044,-0.048239215196783376,0.006354482955276934,-0.006648694455687678,-0.03200776188767157,-0.028076515674919214,-0.02716219403045863,0.0005659920463964936,-0.016842099914762616,0.007167240010954356,0.033640455693162465,-0.04066428260792002,0.03254115011670639,0.002922838287778334,0.061486955753899536,0.022165525780901404,0.028472632404980595,-0.012456904320117515,0.03946065887936299,-0.0010708337475487705,-0.003617939385246079,-0.00843681971791951,0.0024526153811864596,-0.03864640206832329,-0.04695570776130766,0.022732422313810126,0.00208154721115956,-0.00587251807564565,-0.00417647842149525,0.0040872338253058055,0.02720423846137717,0.013877005750666242
case_0032,-0.08016516253780843,-0.010487214499329578,0.015622758215201786,-0.06779988559683615,-0.0485191416508972,0.0067750805537181245,-0.006602143061036017,-0.03213443344235594,-0.02785002058874564,-0.027707454187424523,0.0005188733307964858,-0.016483194381189538,0.007190788320573054,0.03358989106598089,-0.04090687665251964,0.033162065290537786,0.003018570297863821,0.06148447535790663,0.02262808032814453,0.028915033439308263,-0.011739927184393852,0.03979882220253439,-0.0010005444887279074,-0.0036235998407019364,-0.00856737165995985,0.002296126914566551,-0.03863517355042916,-0.04707840255672561,0.022666929601341212,0.0024128514484788796,-0.0058080218451255,-0.004368663132745394,0.004130185614550087,0.027375621552973996,0.013754890258463402
case_0033,-0.08015299510480002,-0.011135729391567166,0.015558904777978746,-0.0677696834372893,-0.048429796460100566,0.006207482890015804,-0.007009895505730442,-0.031612393865444816,-0.02806936716196686,-0.027692431215076765,0.0007421211646863361,-0.01687661252885132,0.007108014006109025,0.033855857288141944,-0.040207198461211804,0.032993995147190945,0.0032054918093045947,0.061745264213937584,0.022631223518373947,0.02872986660820001,-0.011726887507598852,0.03962923613079041,-0.0005608027253450256,-0.0035704532064942296,-0.008554832617910688,0.00273480115914308,-0.03863911947593434,-0.046265045827224516,0.02274299878088305,0.0024462350136467046,-0.005784462021365216,-0.004338268226138654,0.004046879977787619,0.027191454711445556,0.013553844734174113
case_0034,-0.08002391610974442,-0.010610809887301604,0.015261666585639145,-0.06793976697288528,-0.048837115953397695,0.006812814533036375,-0.0064045682685079045,-0.03231479372550017,-0.027741850539592123,-0.02771067913203517,0.0006301183387091798,-0.016999963269564773,0.007079714941379742,0.03365379347202986,-0.04051874884885803,0.03319236759071836,0.003194549074572354,0.06132578410063014,0.022239548752086415,0.02862776865687411,-0.012558947673551441,0.03967287419462694,-0.0013237893017186194,-0.0037798198771509524,-0.008619998546194527,0.0031479725086831604,-0.0385055340869777,-0.04688801150687011,0.022360136274455548,0.0026352707537626303,-0.006185106226829017,-0.00399836193130821,0.004440860853325786,0.02734853723328166,0.013403590182783006
case_0035,-0.07969499199999414,-0.01092468355649858,0.016085399433329588,-0.06717540368265355,-0.04866498058167189,0.006020259981397342,-0.006651839864436976,-0.03184200404384393,-0.028024007508457766,-0.02744101884697936,0.0007365658651266318,-0.01677918061131825,0.0068653948896407494,0.03362413569269442,-0.04040460915406925,0.032432600327185465,0.0029491422275609034,0.06101855503699534,0.02183041229569767,0.02843955969053897,-0.01246984086578817,0.03972680524337679,-0.0015809099389813975,-0.0035951437966360296,-0.008512541367509209,0.0029514705849601973,-0.037997820476196396,-0.04581497508369171,0.022648698617183764,0.0023706364067317357,-0.005416456477637263,-0.00446455925693155,0.0035408334534692636,0.027907632060391784,0.013327680123684104
case_0036,-0.07927970106380285,-0.010338596356261833,0.015820370091373877,-0.06682454355990151,-0.047710930082982356,0.006213316033725407,-0.007199108900729714,-0.032313636093257256,-0.027528727994449144,-0.02753260281480625,0.0010148488073320515,-0.017023859302954497,0.007329887205114444,0.032924246364579156,-0.03956905463126388,0.03284021775096415,0.0026910101341317875,0.06119532080901294,0.022146843145323298,0.02803055720433343,-0.011614996470878023,0.0396186463090462,-0.0011597916915021165,-0.003550348931477446,-0.0082652667421309,0.0018123234812165733,-0.03841696184344761,-0.04624785710906734,0.02278953151995965,0.0025459406066082185,-0.005557271925369516,-0.003932567808627545,0.004290977830078241,0.02756854575501213,0.013737124227032582
case_0037,-0.0802244445320677,-0.010766197952227968,0.016074947240454954,-0.06708605433514976,-0.048454014402010165,0.0060581235246544895,-0.0064273567657932495,-0.031721488217514845,-0.027644771637309388,-0.02727762536208904,0.0009377954819812171,-0.016624830834464012,0.007443484889918353,0.03381849491914111,-0.0403069580745152,0.033025979506290194,0.0030546568154378386,0.06090442918883729,0.022547294342958834,0.028579995219095055,-0.01197810110575197,0.03959097251826194,-0.0012815445808006145,-0.004124915504178723,-0.008423120086017784,0.003149875554225327,-0.03809769358239842,-0.046486925846313504,0.022652112543751983,0.0017341341189257872,-0.005178103431017606,-0.0036077705014058094,0.00425952227491189,0.026687418734721965,0.013820566313001272
case_0038,-0.08046910140705157,-0.010024318715882719,0.016216053425635004,-0.06800856110632375,-0.048947448707857916,0.006239937119040699,-0.006809901393665932,-0.03236486926207859,-0.028315526362815268,-0.02784111372460995,0.0007644755933911738,-0.016863194372008776,0.007506157290290303,0.03387387471672412,-0.04051073016276641,0.033183492023010144,0.0027548314310408125,0.06179705029590587,0.022625737869330274,0.028801201415171368,-0.012241519317422879,0.039688668433749665,-0.0013696836996185582,-0.00407609931702317,-0.008720632671180117,0.0032013735225585754,-0.03866812105446237,-0.04752054104882382,0.02304733400407642,0.00237882745959472,-0.005781758042010177,-0.004262194383942745,0.004134314510077851,0.02745886294268297,0.013384422167595158
case_0039,-0.07999277911722626,-0.01084220801157001,0.01612148701461179,-0.06743603572301525,-0.04901687384183667,0.0062373352771983226,-0.007227821901923795,-0.03183131645875684,-0.027359912966912307,-0.02763657870189385,0.0006530011793225602,-0.0167609060863656,0.0073544697255759905,0.03335147825641032,-0.04054839804273253,0.0332251250064833,0.0025346945710855136,0.0613262444689077,0.02256485267365766,0.028888437881764803,-0.012481486593493614,0.039450215889314334,-0.0011992805099978409,-0.003930100114421771,-0.008535072613112038,0.0028093606746806485,-0.03852520041966555,-0.047365061418239866,0.022681091576856983,0.002246720226128157,-0.005488008256781071,-0.004611608588055729,0.004348730997667699,0.02729865695585627,0.013156111721140626
case_0040,-0.07961298159535472,-0.010909807930396963,0.015535572200037618,-0.06749513759822945,-0.04853076016639185,0.00624100689009385,-0.0069010410229278125,-0.031698356987474356,-0.028479605458583197,-0.027668420946043937,0.0011452548863077586,-0.01607296102016954,0.006948459732426501,0.03361049295393174,-0.0403672175207264,0.03323912415050455,0.0029269614629415736,0.061367101820493625,0.022412997611269365,0.029086819731773416,-0.012083475477796615,0.039164898853781,-0.0008000251132047349,-0.004009309660034906,-0.008481669942237396,0.0029017688018429418,-0.038384816829386555,-0.047283245635695706,0.022699469961606038,0.002415662201216134,-0.005639972891076839,-0.004334876210404746,0.004144971550893023,0.027089716533389617,0.013396719546453025
case_0041,-0.08052313507853887,-0.01055305391086059,0.016553568234831995,-0.06754513269788702,-0.04863162984042999,0.006347373143989016,-0.006598429373673238,-0.031621140311262064,-0.027824620654502318,-0.027493399554721125,0.0007140128095986762,-0.01676446291686144,0.006873642337349373,0.03350714434595044,-0.04045339482460627,0.0330780089692586,0.002794592039192965,0.06144535965475786,0.02232382968212801,0.02816162171184666,-0.012290444115450582,0.03942444396419114,-0.0011546285926907329,-0.0036385492040580765,-0.008911918469065387,0.0031087323417321494,-0.03845100638469507,-0.047219231803705373,0.023015322261895198,0.0023688931727581194,-0.006276011706081669,-0.004146672785468263,0.0038122974869950832,0.027471796969487983,0.013601904766181986
case_0042,-0.07991333597155621,-0.00998747079497651,0.015861518129787307,-0.06728103818765688,-0.04873947666913379,0.0064330567431728925,-0.006917123051383475,-0.03186385098939423,-0.02796505691336101,-0.027449330571742557,0.00037693664660577985,-0.017081057677377214,0.006818908829644158,0.03343089146418621,-0.040782893226057215,0.03271672464703246,0.0021162059162867126,0.061241129366071095,0.022487397679760657,0.028667172164472583,-0.012451856634444753,0.03965032489666706,-0.0011349195815031467,-0.0036195830798645113,-0.008802480093065253,0.002547143254377162,-0.038853095578624985,-0.046334710087476354,0.022902022391752392,0.0028195720249218083,-0.006095383729728479,-0.004304335713121808,0.0038772568709134654,0.02712701568811597,0.013301561587272696
case_0043,-0.08011235771596219,-0.010787940827079751,0.01570661163201215,-0.06760081243526266,-0.048798383173097946,0.006200455847929578,-0.00703519419236012,-0.032143245060647516,-0.028154876487969355,-0.02775240221438791,0.0009443498512770794,-0.016889516362491613,0.006991071442129461,0.033977774340105266,-0.040739470109139087,0.03314904459611647,0.0027192191248869924,0.061217044114523805,0.022687398092982758,0.02860701889652006,-0.011916358287116345,0.03968026397925661,-0.0007127966609755586,-0.0036627106555521946,-0.009042116198306664,0.0031430558535971423,-0.03858809955637017,-0.047271015107376954,0.02300138077761937,0.002315357336165931,-0.005724620830137695,-0.004121237152694283,0.003928786239087055,0.02725494011580643,0.013382740411673004
case_0044,-0.08045556581029642,-0.010684474096036976,0.015909553848269805,-0.06732488450863361,-0.04854190157204156,0.006399701060410194,-0.007060771996962395,-0.032125858438055245,-0.028035987366303198,-0.027848847968756474,0.0007221283854619644,-0.016373568357253832,0.0071256668629503086,0.03358117787280241,-0.04003091728812466,0.03296220063904237,0.0024883034463865123,0.0619953754134336,0.02234223987947569,0.028316765510565795,-0.012383994769108552,0.040036262790512485,-0.000872124141250366,-0.0036458071443445433,-0.008989017024519128,0.0031373248592044454,-0.03878979021897263,-0.04706418951017502,0.022822557979338576,0.0023315589083756313,-0.005601670397774358,-0.004043854558846271,0.004324330298869131,0.027288245607159492,0.013505031544236512
case_0045,-0.08006814121754116,-0.010754232292980108,0.01641229486073558,-0.06783750786296999,-0.04856776418827523,0.005968536884140986,-0.0070249784576819525,-0.03223623777915207,-0.02844183445214706,-0.02773162846139331,0.0010679730219083656,-0.017201473694380066,0.00710624271368578,0.033709627592757724,-0.040297912346765934,0.03285266780678444,0.0029365778346014627,0.0616382183465835,0.022431737452168875,0.0287952423691176,-0.012646823933997022,0.038949249809223305,-0.0003399758171986855,-0.003582828724740979,-0.008667972373882222,0.0029513262575026926,-0.0387801269836831,-0.0464359514520448,0.02307301850962334,0.002672060618138578,-0.00587059900507718,-0.004567676392958606,0.003951903647559147,0.027355321210903793,0.013697046416305798
case_0046,-0.08034390754087951,-0.010707318746499113,0.01568662297084267,-0.06704876235925988,-0.04875332857049692,0.006099590084835402,-0.006644703109504346,-0.032312586219894635,-0.028099427997788154,-0.027382959287966933,0.0005930691198407882,-0.017041119609360535,0.007389056009313708,0.0333512934744776,-0.04053990413773536,0.03278185661274151,0.0033157379237206248,0.060966815835876084,0.02272255691904766,0.028784508243600553,-0.012485833426534693,0.039820151491819535,-0.0008670042480845787,-0.003925602880756621,-0.008579675621879695,0.0027236081921517153,-0.03807682178118308,-0.04693575283408584,0.022808269289014322,0.0024176996703849088,-0.005307933704657267,-0.004219830583145542,0.004158255499918333,0.027113372596112316,0.01362877919152167
case_0047,-0.07925064235469766,-0.011064531137591968,0.015776854915086853,-0.06688874181724144,-0.0484903351876259,0.005993977403008604,-0.006772962212793421,-0.03160075921357274,-0.02774018609976582,-0.027556468681493494,0.0005845761436979415,-0.016372860504538917,0.007056216346239886,0.03310926232089854,-0.04038623976772502,0.03264638178973845,0.0028931781830116034,0.06135259841072828,0.022921146636966986,0.028529479941652017,-0.011757029654762883,0.03943618092434749,-0.0008498979087004785,-0.0037033546102701862,-0.007853204979798844,0.002981931306832495,-0.03796387173777703,-0.04671096517335491,0.02206612219570479,0.002191959129968282,-0.006144080048116007,-0.00446491835639211,0.004390074179388738,0.02734037734235837,0.013517038302866925
case_0048,-0.08003136062836046,-0.010551932919255533,0.016186339444040573,-0.06759586591776048,-0.048723870401850757,0.0059500527291946,-0.007314084194591213,-0.03160723181003978,-0.027650228818667324,-0.02801159829640453,0.0003681599843291051,-0.01683006951304603,0.007401702802801365,0.03373512457711123,-0.04052454520195111,0.03298969211985198,0.0025935805515812896,0.06124873341087021,0.022424997140849882,0.028403349311260987,-0.012194854072799317,0.039422941607100415,-0.0010200126647009196,-0.003582836665700163,-0.00828086584579603,0.0029393446919700403,-0.038772645175353726,-0.04657799917053161,0.022405800088034503,0.0023543320212530915,-0.005474053035486386,-0.00423447814280364,0.004380840750825909,0.027278807420441985,0.012920745475722875
case_0049,-0.08006840028305666,-0.01069155389190286,0.01594279382707868,-0.0670073184985869,-0.048386260896196305,0.006368003765419073,-0.006756286366204364,-0.032221886263967894,-0.027410933896096872,-0.028224026984484986,0.0009539433799378244,-0.01698240598822886,0.007055277375415056,0.03378293358292122,-0.04028686386601727,0.033218969739141645,0.0024252456715058027,0.06077004111783651,0.022084943236882763,0.02844634215659964,-0.012383611979725,0.03898157471627382,-0.0009198348234320483,-0.003694410145819729,-0.008283166855259058,0.003233016458017952,-0.03810390139983676,-0.04644504816149294,0.023062280902752547,0.0020472663603416895,-0.005259998601151038,-0.004445934244390239,0.0035286282331713436,0.027351017227662543,0.013432173987313133
case_0050,-0.07900454337832011,-0.010573161754339054,0.015862600032311547,-0.06772913280649878,-0.04827919709612076,0.00610070758556208,-0.006930542200753095,-0.032322164291856255,-0.028754336316027286,-0.027128815243435824,0.000719014328942695,-0.0161827856729818,0.0076624708418831814,0.033464511203789515,-0.03923527412021791,0.03267695452076132,0.0027150728785474195,0.06133021028667072,0.022189989922582084,0.028629460604362222,-0.01230764591611861,0.039593001305083454,-0.0008790465201783258,-0.003248445653023424,-0.00845425065641966,0.002692135630131801,-0.03848027769092789,-0.046897783869441524,0.022538671623971416,0.002464800213704015,-0.00599970365729896,-0.003981333680519112,0.004153206800363166,0.027270304076433268,0.01360644903268207
case_0051,-0.07981688439283188,-0.01060798420068283,0.015449540851346429,-0.06697165289981948,-0.04877573696175237,0.005925310425536985,-0.006726180739188613,-0.032034704947024706,-0.028033106529684385,-0.027021331599579455,0.0009646804282879907,-0.016275111531499863,0.0069964506966726315,0.0335616139624668,-0.039854873232280943,0.03293845226035818,0.002643171525373235,0.061312660363178936,0.02174631923656607,0.028528203940077775,-0.012040042178763711,0.03980503060257922,-0.0010437950043166095,-0.003991987653474263,-0.00861515882268559,0.0026012791466076823,-0.03838624333886657,-0.04686802925129893,0.02247697940218417,0.002155564659883622,-0.005584677523972356,-0.0043199057135394296,0.004063956182230595,0.02727907487821106,0.013514059504555124
case_0052,-4.023129590195026e-06,-4.014475395444969e-06,1.9354720068993383e-06,-3.729529471588249e-06,-4.0258989940237095e-06,3.7211905475560138e-06,5.232835951447986e-06,1.7359006549302664e-06,-2.3153256547230385e-06,2.1654360265498104e-06,2.8496213418677124e-06,-3.138315486776958e-06,-2.92427657584917e-06,7.356880179877714e-06,-1.6090555550660226e-06,-1.958157063896039e-06,-1.9058230121716462e-06,-3.126751433265631e-06,-3.5861361189743274e-06,-3.9664977439529265e-06,-4.0933345477132554e-06,-1.8002163937450004e-06,-9.457101896659e-06,3.475936388998412e-08,-5.251132841184408e-07,-3.3933933265379845e-07,2.8999395729720397e-06,-1.1261431057718493e-06,-1.1728146073216349e-06,2.1810973109358128e-05,4.213899091655222e-06,2.3851010614514864e-05,1.0028902432069538e-05,1.240406627103479e-05,7.816631472205595e-05
case_0053,-0.08016360976060348,-0.01074550980821703,0.015799426132466966,-0.06775188031629517,-0.04891032590507226,0.005779883622265534,-0.0073921889876849495,-0.031935097088163285,-0.027927519019806772,-0.02717858605318723,0.0010447528951153836,-0.01665710293195009,0.007224753780741159,0.033386071954524976,-0.04024860737112916,0.03346007510470366,0.002840508196014029,0.06145445128117968,0.022008273687290532,0.028377797281290487,-0.012376275937221237,0.03973886652043695,-0.0009112236459917573,-0.003486973631148823,-0.008415273015145514,0.002906554882206785,-0.03896681227258359,-0.04724738021637603,0.022548673487617053,0.001994435406015808,-0.006214458401733161,-0.004446105822372738,0.0042183249903430375,0.027256193564727107,0.013605891095400538
case_0054,-0.07942935369201652,-0.010866272112949098,0.015257822671401185,-0.06781988960835256,-0.04874963697107073,0.006140184011353289,-0.006473968409352143,-0.03179814928941519,-0.028396765576546256,-0.027452079962137086,0.0006204246349145293,-0.017332358340770338,0.007162733907136795,0.03321564034764767,-0.04089543681619493,0.032731878443146845,0.003208466190071459,0.06088623678389419,0.022693514906499523,0.028897867484729004,-0.012525586968868173,0.03926055855535544,-0.0010969047464732993,-0.0037681759816549864,-0.008579836489462873,0.0029900811850135057,-0.03805608722065851,-0.04584362181203902,0.021739495645944792,0.002189426083593566,-0.005897563321468718,-0.0043230731035205135,0.004326447589183389,0.028173616824882855,0.013368194907925238
case_0055,-0.07962057221561471,-0.01075277796530831,0.015578342250365099,-0.06744102132465865,-0.048665747808107826,0.006622738585729488,-0.006977287501787462,-0.03226107423911081,-0.028146601568465383,-0.027588643304557625,0.0005354998695296598,-0.01677310540606105,0.007055828279171448,0.033618550808473376,-0.04075180679874359,0.03308475359140649,0.0027738693629631214,0.061111838854235954,0.022472322357706985,0.028625955323749327,-0.01238068612530491,0.039276677903083305,-0.0006487470010792553,-0.003915920262761072,-0.008726073019099128,0.0032985983750684414,-0.0383313961879919,-0.04668115385346511,0.023020970994116985,0.002517376835104009,-0.005792365028742846,-0.0046184864100121915,0.003860751909163782,0.027724367669452757,0.013992308388297507
case_0056,-0.07901134385415964,-0.010661586541165611,0.016404482022821902,-0.06732152209956166,-0.04831369840351801,0.006067485116218398,-0.006644429334445861,-0.0321054280340484,-0.02821136865582238,-0.02733401438211318,0.0006903332882136423,-0.01660531893321084,0.007057213181923359,0.03354068875141999,-0.04043131638921127,0.032827799257760575,0.0024089597867279038,0.06106983000702301,0.022363465680554636,0.028549707025367375,-0.012462936388135335,0.03981011185304033,-0.0015180017833966027,-0.0034519823163490534,-0.008713152135340999,0.003117676961545816,-0.038561231824953246,-0.04576617510721814,0.022508065172389766,0.00217871869911638,-0.005435849300695131,-0.004016896594309649,0.005104271680687336,0.027153089542363593,0.01311838191235373
case_0057,-0.08002308715123942,-0.010667027978624124,0.01618123077070506,-0.0667882404295767,-0.04876837026019522,0.0063191696828893,-0.006924742083087569,-0.032020831327934506,-0.027712369916902686,-0.028013015824964585,0.0013184892649966025,-0.01662245335548806,0.007214996381608094,0.03321190981578507,-0.04033784401283448,0.032594423568405514,0.0023566893219950646,0.060904450873691035,0.022411004715181475,0.028050698186792785,-0.012289430379964538,0.03959765196549571,-0.00134214916851732,-0.004105367438639609,-0.008239910942747229,0.003173498933310273,-0.03840873591091109,-0.04723105650523964,0.02226387161349481,0.002174022685850852,-0.005643513232951589,-0.004536831590228345,0.003969659852742251,0.027548367900344414,0.013185577890967148
case_0058,-0.08037195236343231,-0.010634093231337884,0.015902102531121856,-0.06786983702641229,-0.04844693543401886,0.0065613552423330985,-0.006701535590928686,-0.03222692605897126,-0.02798365040557336,-0.027680514662174704,0.0010183545173216412,-0.017059434373127895,0.007577847837736652,0.034127952526587124,-0.04068504168827822,0.033115545251839774,0.002561793320764453,0.061466023060805036,0.02243587251574699,0.028809016785171965,-0.012119893223391028,0.03967863166758849,-0.0008776091375315403,-0.0035021650281606993,-0.008706626560683403,0.0029875931176744823,-0.03871864246829987,-0.04735203339600302,0.02232893446436388,0.002054626475188858,-0.006011559489491175,-0.004163042149513104,0.0036583709033754792,0.02758871891557427,0.013611513793400544
case_0059,-0.07973377813909041,-0.010863283298757605,0.016086825769794658,-0.06768678029697416,-0.048383181398628,0.006444813439483972,-0.006667229571859749,-0.03185001582378624,-0.028088152642850854,-0.027223085270398184,0.0009854942748835408,-0.01664685501927641,0.007033887796876281,0.03321768529492591,-0.04021529382311642,0.03313561349373853,0.0026949338364143597,0.061432443109701036,0.02238904784906456,0.028609609146908726,-0.012018505183692402,0.04020981504411086,-0.0007115373335707609,-0.003613899390360109,-0.008718431010941613,0.0032820780736695404,-0.03859187045252021,-0.04695435302010652,0.022555297255615454,0.0020818665976124117,-0.005667370352562467,-0.004495370795941903,0.004047124173684072,0.027568676127104595,0.014094415190384414
case_0060,-0.08007495407160775,-0.010294130630558488,0.015258331994536203,-0.06736772777028002,-0.04858967002697521,0.006372641743391935,-0.007015541549141513,-0.0316680526084237,-0.027794949000586357,-0.027564616476340988,0.0006514551699236219,-0.016280933950665214,0.006983590722577376,0.03358846749564709,-0.03989497729446502,0.03270354946283181,0.0029063380319666295,0.06039217077510765,0.021965818497848368,0.028094899111831412,-0.012235005466133826,0.039390791424555434,-0.0007621688622105083,-0.0038981041730914846,-0.008745513130593834,0.0029131645160161237,-0.03841456547888521,-0.0466126980804956,0.022956034168808183,0.002547463585001937,-0.005654052221951701,-0.0041934525939452925,0.004451047479650367,0.02689052587992564,0.013557762189785135
case_0061,-0.07983096920838116,-0.010767288524848262,0.015774109033529347,-0.06664852057255242,-0.048347264227351215,0.006597306362683057,-0.006762838736644957,-0.032014819812142596,-0.027705577313668583,-0.02763877922704791,0.0006435790674643784,-0.016538916166747773,0.006853362425997121,0.033898005433478484,-0.04039309777201355,0.03260465225417208,0.002902964180862588,0.06135405822223084,0.022560213029225583,0.02864451335279232,-0.012253889199022795,0.039813981246628445,-0.0012555257501391955,-0.0035385902046447004,-0.008673921825850691,0.0028245468039980273,-0.038075103080498385,-0.04691500821967611,0.022382941841167528,0.0017655152503199044,-0.005711459776505218,-0.004121839926095465,0.003908496432421339,0.027203992294323,0.013286980733835432
case_0062,-0.07495831588505333,-0.00781257637975823,0.015106905197272326,-0.06207502268076187,-0.04564646410517696,0.004971448402759922,-0.00750839831637431,-0.03214147254602155,-0.02601143428535333,-0.025686523147243515,-0.00046063731461008984,-0.01433823625086872,0.006412979281165659,0.033497922650103436,-0.03843298959199605,0.021855243194723154,-0.006465604690385243,0.05584373503344874,0.022405758721651823,0.027988380081179695,-0.011077572663421556,0.036993759980806305,-0.0009678035048270089,-0.0034894878107042805,-0.008531347874747502,0.0030061940930373866,-0.03820940337645754,-0.043894533002724966,0.021902423301865013,0.0022279492653978637,-0.00672007273798894,-0.0035439208683796866,0.00480063658283209,0.026694625148449513,0.012964019402843271
case_0063,-0.0806429774934476,-0.010787246158364919,0.015477119976572034,-0.06774953158477232,-0.04877314209713224,0.006262215551984232,-0.006725147893843101,-0.03169914935858419,-0.027884569083438494,-0.027607677512450166,0.0004946864878577446,-0.016734973140284874,0.007476379880092551,0.033852862486208904,-0.040456772640751267,0.0334565471850217,0.0027966009397007645,0.061495875266516994,0.02217849108284682,0.028392527767397566,-0.011979758285103267,0.03983248181846104,-0.0006996060239542452,-0.003869218238514814,-0.008608370811552567,0.0030949184964076345,-0.038527486485633915,-0.047047401398083194,0.02301177987165652,0.002528838181871322,-0.0055783809227943505,-0.004241697542815315,0.003998940056788716,0.02744870362079339,0.013275180061181028
case_0064,-0.07983604714811017,-0.010582504926731056,0.01621829091261706,-0.06668287198067833,-0.04812251035233225,0.006304829016507926,-0.00665743660048413,-0.031999651263518634,-0.02753674252611642,-0.02784575113631227,0.001115774747479531,-0.016451532440925763,0.0068076137661772255,0.03380444505352458,-0.04088991792918985,0.03271352483497101,0.0028285392036300388,0.060717973186110843,0.022208504279747274,0.028901182674574984,-0.011478925217297788,0.03955125481115995,-0.0012530591721393455,-0.0038498513234294096,-0.009080802571501205,0.002488555317353551,-0.038193920527991816,-0.04707251798221002,0.022387682651488498,0.002605003737520141,-0.00592862497026304,-0.004070817356322628,0.004122405508797315,0.027363984083743992,0.01374907264008385
case_0065,-0.08020881639586804,-0.010292501414577115,0.01582297675422818,-0.06696582639232278,-0.04831164065779734,0.005763187640758162,-0.006863525490107077,-0.031304270230419616,-0.027611349911816446,-0.027552271557270927,0.0009118928894854662,-0.016663996482203555,0.0066874688526946755,0.0335929192227684,-0.040557717844157876,0.03230894570896679,0.002253281472703628,0.06107591164450273,0.022320683525387464,0.02836330347465149,-0.012162438832857995,0.039337969617422,-0.00032308110940020197,-0.003619025519451499,-0.008864036747677486,0.0032770146623436473,-0.037785208043533865,-0.04654565326001066,0.022779362849736178,0.002545920546083358,-0.005751723428383234,-0.003739898835628272,0.0038411772541858727,0.027262623622397616,0.013742307718574334
case_0066,-0.08032198954470154,-0.01095358202982528,0.016181460521871915,-0.06766074527411936,-0.04854121801891837,0.006312212707747011,-0.006642521326377785,-0.032014908011041975,-0.02776160150884729,-0.02742072517537682,0.0011665969172501602,-0.016533435368433203,0.007697408545740084,0.03382465364428006,-0.04070349770624263,0.03326323779403495,0.002553378330415452,0.061345682708339046,0.022942363838863233,0.028746865794455644,-0.012097966062363772,0.039818213186997894,-0.0010860440029572358,-0.003435564065863383,-0.00831034551899431,0.0028561239138562016,-0.03832203393535601,-0.04668299906015556,0.023003709973117802,0.0023173918094700706,-0.005729416639841091,-0.004448548319908642,0.003965783714990051,0.027986926237186245,0.013311695515011945
case_0067,-0.07982605570308426,-0.010546840595364324,0.01560007469710513,-0.06737477608912017,-0.04774088210098429,0.006011678358470265,-0.00722795895593577,-0.031614910580664964,-0.02779301828953904,-0.028406209155108497,0.0006219791638146751,-0.016102469492648045,0.006643661533721134,0.033574545946517396,-0.04060353878832403,0.03372825338536178,0.00303819939284674,0.060869912783250595,0.022706303675841605,0.028326636684767353,-0.012103853335025618,0.03930265749267529,-0.0007669298464447165,-0.003526105885359051,-0.008420221868591527,0.002924377862971729,-0.03859561629795581,-0.04672099960629903,0.023169967972166146,0.002184539135960626,-0.005952170786940584,-0.004030338258327919,0.003823924435931142,0.02717803812493586,0.013432252753366312
case_0068,-0.07942087301288352,-0.010346045590538935,0.015686360315635747,-0.0673041239455831,-0.04844280709358708,0.005976375876557139,-0.006529072269765027,-0.03152148076198242,-0.02829802703283238,-0.027412057680054395,0.0007459063680681332,-0.016692098101359427,0.007327696331195036,0.033724729960719235,-0.040523025542726354,0.0332389340514918,0.002668032046216185,0.06057434884987702,0.02254254251545834,0.0286401649830459,-0.011989599731728341,0.040026124733890896,-0.0009133809165419788,-0.0038991758166053323,-0.00851827428128199,0.0029508152403740057,-0.03797602475601093,-0.04678039437284534,0.02277501087067732,0.002358698593798164,-0.006040624927688178,-0.004317658905827527,0.003738988792198994,0.027452037137357502,0.01376649808580427
case_0069,-0.08007878343640795,-0.010541764116715587,0.01610128183054354,-0.06726417639908343,-0.04849155148988879,0.0066109145009824325,-0.006892247801896309,-0.032073683898207354,-0.02797986558359051,-0.027564348126277546,0.000790481505886872,-0.016439246165814467,0.006929957713480716,0.03397192938010841,-0.040853054725686205,0.03310301976777171,0.002567729001089486,0.06134244539661388,0.022867637384161477,0.028572276000311456,-0.01258269697556251,0.03975032807263311,-0.0007991238352525654,-0.0035491879239276233,-0.009111960344160088,0.003158500807233717,-0.03867582642196456,-0.046748223112695275,0.02298245179580747,0.002199095614372575,-0.005700227076736865,-0.004219854453602321,0.004217702448639342,0.02747796259507292,0.013586999674317719
case_0070,-0.07998564161492368,-0.010972494169895635,0.015589961427304372,-0.06795558669018426,-0.048858341797333775,0.006716770579727942,-0.006604565663725914,-0.031913716492093486,-0.028229761440123135,-0.027466237785465836,0.0010228905951582064,-0.016751940500922602,0.006960147206786704,0.033639272064218385,-0.040732707288416714,0.033197598321834644,0.0028662285830739122,0.06116831900065462,0.022395083399921772,0.028726194801838863,-0.012191466680243861,0.04010617393889319,-0.0010828302479027085,-0.0037607575055318486,-0.008317222767099047,0.002745057423808079,-0.03853423401872836,-0.047127934224479064,0.022901726528557532,0.0022236939364698362,-0.0056624663960170496,-0.004547719335920112,0.004308632394068271,0.027165261560088805,0.013520907415777442
case_0071,-0.080206468715777,-0.010628045671711881,0.01565782797488588,-0.06727381354418234,-0.0487221768193246,0.00612019715299533,-0.0068076651506792955,-0.03257710601988923,-0.028229298500853633,-0.027596196294059655,0.0007552783951167474,-0.01649878170114072,0.007363276551267275,0.033796006342177706,-0.04063601339008958,0.03319377869578516,0.003185347980139758,0.061561448048051345,0.022630248063120497,0.02890982530328752,-0.011528223938953775,0.039853720676893,-0.001204231025433439,-0.0033358366695079625,-0.00855286281222876,0.002862168978202418,-0.038780544950369186,-0.0468884158116656,0.02242506227174962,0.0025895591752722455,-0.005751291011655541,-0.004215598881146377,0.004138207487943057,0.027494701464877827,0.013457613493150595
case_0072,-0.07998873688193667,-0.01125575858247761,0.015187289972977044,-0.0672694162365266,-0.049070447539272644,0.0062266192538211525,-0.0070443076226210455,-0.031729080378357984,-0.027998573521705743,-0.027350805170391665,0.0007886047240226628,-0.016789010779323668,0.007059707276129372,0.03397720673377839,-0.04038958920375385,0.03302048601182606,0.0024305046450391918,0.061366596194649424,0.02260446003932561,0.028459425003323904,-0.012246638529705525,0.03920210842884783,-0.0007427408331407685,-0.003657661713284552,-0.008688381493780192,0.0027159506471740387,-0.03820064858976319,-0.0468253009447434,0.022875653082753022,0.002189961703571056,-0.005580628129791594,-0.004639892155067884,0.004134770674563821,0.02724416074296909,0.013599374631419588
case_0073,-0.07995968913449743,-0.010733400982429673,0.015797960617413495,-0.06728316079318637,-0.048460762409459436,0.006728573044273877,-0.007290997822585632,-0.03181769454117611,-0.028033993591379675,-0.027652420352019282,0.000663027924027191,-0.016904652361712888,0.007015535842743349,0.03342343767290855,-0.04039459619884433,0.03235679865460832,0.0026916127434838126,0.061211502604490375,0.022591701679132912,0.028216259244470694,-0.012370663815767733,0.03961837767973868,-0.0013627596205900263,-0.003483177324486285,-0.008450174431481708,0.0034287802605073316,-0.038295203493877605,-0.046997430694720684,0.022662096105455123,0.0021514596213158383,-0.004922874594572506,-0.004060917506627589,0.004159543374587234,0.027543001301595024,0.013850156370067734
case_0074,-0.07957535147488556,-0.0104529631682221,0.015525682453655064,-0.06677318678730257,-0.04857345040480256,0.006400249446354073,-0.006431064548384781,-0.03144430155567498,-0.02824613096640602,-0.026972472730869623,0.0006096156002340668,-0.016171463758668896,0.007247618471601661,0.03307346681533911,-0.04034411383926225,0.032746843213425816,0.0028301112110839816,0.06135732197431333,0.022072939134342925,0.028472347014914988,-0.012523401049347602,0.03980504392179792,-0.0005092559973334774,-0.003870553237800863,-0.008027863526024888,0.0026974391912540224,-0.037916592888243304,-0.04663378623303724,0.022829864166097284,0.0024540392126570776,-0.005977634532341831,-0.004614005456264252,0.0036580976113194854,0.027921687013459297,0.013208572981715617
case_0075,-0.07910589568267032,-0.010273326560460141,0.015811180838897383,-0.06635694471663155,-0.047621675436246444,0.006580917566521592,-0.007171951864723578,-0.0315275849116951,-0.028043088242208195,-0.027473729140197065,0.0006848685423969516,-0.016166240713697287,0.007247312094358183,0.03248360210765548,-0.03910143709475112,0.032627461811282676,0.0020045054827758984,0.060968108022112694,0.022443175161801422,0.029233726635005088,-0.011907176943617533,0.03987373844577261,-0.00040270206702073695,-0.004317321931434565,-0.008267760255363936,0.003059151879170997,-0.03808931340261506,-0.0463938809259928,0.022175908653777502,0.0025105367939243957,-0.0054997862270898855,-0.004445812263145236,0.004202472090564548,0.02602240937672134,0.013576417780368031
case_0076,-0.08035669775193548,-0.010874912798594961,0.01592843430598154,-0.0678373912235933,-0.04874538153058341,0.006345343963501832,-0.00701113205883088,-0.03251458327374469,-0.02819399931267913,-0.02817658249406051,0.0005798620534106933,-0.016771791241578123,0.007231390642632157,0.03350384813609594,-0.040462462860118724,0.03313131860755027,0.002898672920943934,0.06116293969032556,0.02268215339072353,0.02886110249176409,-0.012021780860132118,0.03942064465946552,-0.0011035129809849901,-0.00393015746372873,-0.008901804853129455,0.0031495140086507875,-0.03875055410969645,-0.04690578577287508,0.022942956088806418,0.002175682067635482,-0.006387872641826746,-0.004077420032627915,0.004048982844322011,0.026897921192564365,0.013606304164873325
case_0077,-0.08003208915380125,-0.010570869135120071,0.015943662889014113,-0.06774367160877778,-0.04870250050490403,0.006822010415030494,-0.007155883590674738,-0.032051561383585676,-0.027622409791684833,-0.027473538947878216,0.0009113063578586551,-0.017074432955349255,0.006878439725742319,0.03304670227721722,-0.04024924886547189,0.032731418320569805,0.0032071173751175926,0.06155429774155806,0.022008760790515104,0.02863375836614737,-0.012211576724841708,0.03942006076429771,-0.0008521147296309871,-0.003781614272891906,-0.008084336677812201,0.002823967267011087,-0.03862704437620243,-0.046687752533248056,0.022598065679921515,0.002495836771645994,-0.005905509173604432,-0.0041050277739331275,0.004261909922469473,0.027441102261586452,0.013082160286834798
case_0078,-0.08014923715467391,-0.010782605364602144,0.015526223375084034,-0.06696800869936771,-0.048669938903027454,0.006003184213548052,-0.007243926130009379,-0.0322430337749906,-0.028191388595149434,-0.02752946400631739,0.000539743758916015,-0.016812529687500914,0.0071712312689488425,0.03316661178481951,-0.04036615575138244,0.03250272973408414,0.0029914570689482125,0.06059188395898942,0.022338388915403826,0.02856986979325014,-0.012003694885569573,0.03967792845187799,-0.0007319479991194348,-0.0039577611799478515,-0.008302054303259065,0.0031401348174903893,-0.03809951872715183,-0.04663038201171382,0.023195559902234802,0.0023656843559391287,-0.005252002249128637,-0.004376967632826806,0.0042211455622351525,0.02752635564534606,0.013443390150269564
case_0079,-0.07830672495513635,-0.010051874099324648,0.01585058751766907,-0.06647140179074973,-0.04754395643731621,0.005940001023984935,-0.007323367842474021,-0.031373134027643995,-0.029055962204530862,-0.025678126572361584,0.0009478069746945813,-0.016485303350400885,0.007506291393718008,0.03249274022702505,-0.04017732619510181,0.033077606115912546,0.0032310361102625812,0.0592482282748397,0.021916503697054564,0.028927661994950494,-0.011461012861214146,0.039600580570545434,-0.0016419056933249803,-0.0035752397410124676,-0.008076863449646362,0.003089333205132947,-0.0372451167344175,-0.04632599520717271,0.02269615729623384,0.0017046397522314115,-0.004905563866424457,-0.004671693464645483,0.004314064533031023,0.02517485277300803,0.013452881597334663
case_0080,-0.07901852738196058,-0.011054347247364642,0.01574276115047365,-0.06728147894534747,-0.04804543290081319,0.005948980379709662,-0.006674083013105854,-0.03047923630482231,-0.028096252500793836,-0.02735845676920162,0.0009687610943301324,-0.016659361556723047,0.007098346793607699,0.03273287671056217,-0.03980722911491797,0.03308065179863944,0.002906691311560826,0.06033074415156413,0.022221192517366508,0.028499332339553932,-0.01297085834053331,0.03897637598466202,-0.0010424912771408437,-0.003643063471268757,-0.008217286429129285,0.0028926543682422172,-0.03793504049205243,-0.04662504757627018,0.02204136085729671,0.002504755093183939,-0.005293840769932675,-0.0038042166466918013,0.004057952448100036,0.02754449922671423,0.013119364390269263
case_0081,-0.07992752707548888,-0.010850390079930149,0.015411830103883832,-0.06768207695429626,-0.04876635801883702,0.006280840904693104,-0.007101332064334603,-0.03193741581871619,-0.027894120984156077,-0.027502007903299826,0.0006959202437981116,-0.01660998179583231,0.0072808553315681585,0.03396856844865219,-0.040559953802516424,0.03264234757819517,0.002652348487816773,0.061462659521376084,0.02286161876014862,0.028304588944305178,-0.012421670412883093,0.03966058975289867,-0.0008255716923267714,-0.0034048601825541966,-0.00859619840472519,0.0025686372273875427,-0.03827716736492314,-0.04738854893442493,0.022969531038295424,0.002564191794946368,-0.006159860008891729,-0.004141846289275648,0.004412258942389218,0.02702262995777396,0.013598325432621808
case_0082,-0.08066591035220617,-0.010458574959386718,0.015953716955233656,-0.06817870408761853,-0.048943202826849164,0.006269979918784922,-0.00665178495887002,-0.03206879528393873,-0.028303540309103124,-0.027873184402697614,0.0006982284197486352,-0.016693384805591807,0.007001393218227208,0.034081921782339195,-0.04074483511758588,0.03323222325627494,0.0024328950167609616,0.061401535130350356,0.022642169437315215,0.028666065446943945,-0.012103420979962453,0.03957855272426799,-0.001176079944835425,-0.0038964911777913586,-0.008236505522280406,0.0033865703859013514,-0.03911936591595279,-0.04715406123452263,0.023263230351587946,0.002169523181553738,-0.005586597907953736,-0.004272422252591586,0.0040178122220428224,0.02743006755653031,0.013442415919795593
case_0083,-0.07995142537036429,-0.010828924195928367,0.016134434427022327,-0.06745473249900154,-0.04870778400703061,0.00606810059864969,-0.0064534896664569215,-0.03186095078571317,-0.02840969831130308,-0.02733380298509348,0.0006688930866107598,-0.016665999283773852,0.007269848229562792,0.03385762473696768,-0.04034755202474456,0.03297497762557888,0.0030182673055612554,0.06137784857193614,0.02162660455831333,0.0285848914870915,-0.01198140317666472,0.03930779927618351,-0.0010064051496783723,-0.0039932788315941254,-0.008609349027710772,0.0029735051940301496,-0.03839906017084648,-0.04696402065388238,0.022469107491067595,0.002199426753595913,-0.005576303653076723,-0.004015055007099214,0.0040286944366143655,0.027517036165019073,0.0138186405498833
case_0084,-0.07974614928564758,-0.010043581544447832,0.015581372166103198,-0.06690991575454133,-0.04870804201758062,0.006310967199271327,-0.006713464384475218,-0.03202036099372628,-0.02815193694120369,-0.027370759835715974,0.0006486583901384403,-0.016847101668751457,0.006794084885318804,0.03384203742911644,-0.04067526152630319,0.032925511182298715,0.0019076825636049415,0.061141781624777465,0.022394207957711576,0.02886559780546815,-0.012402232297535882,0.03970532538499845,-0.0015294737268323044,-0.003939045776555093,-0.008564949142576285,0.0027321234043403563,-0.03858769937674193,-0.04569817919527684,0.022722185990703515,0.002811757600570575,-0.00611082056145992,-0.004506281985093554,0.004041107969052585,0.027224513118297496,0.013558569457901072
case_0085,-0.08016203959540782,-0.010728340595695485,0.015214601872569847,-0.06790735457905175,-0.04852578402421594,0.006336065619950375,-0.006944737595291525,-0.031456503992523185,-0.028539158707630935,-0.02817686865425543,0.0011971719093031696,-0.017020399305510293,0.007287075062103508,0.03389272778930993,-0.040169581480591576,0.03325111107098174,0.0028805891395885463,0.061197264575869034,0.022491919087310328,0.028560647346658165,-0.01193963417010379,0.03964675652267622,-0.0010756109588419052,-0.0034223629505138104,-0.008495782607217568,0.0030695151820090433,-0.03856219564351314,-0.047071450610701795,0.022708861663358452,0.0021559341682438012,-0.006098654052751459,-0.0042944427628090346,0.00399300516763645,0.027182512054955782,0.013201362517837533
case_0086,-0.07946144884081091,-0.010418978298046385,0.015347138820643856,-0.06721443396335663,-0.048983525959276956,0.006249723649544729,-0.007003633970560885,-0.03170485818384648,-0.027780981136593205,-0.027567133133738233,0.0008345251336348729,-0.016504148951348843,0.006993419173048713,0.03339537514705159,-0.04076280034640878,0.03272487292841664,0.0024860199304968162,0.06078874729544218,0.02237298165465587,0.0285076967786651,-0.01213843743466215,0.039253858181921716,-0.0010461808910931297,-0.003552498828090615,-0.008237775365625692,0.0028994868376234217,-0.03852352965496116,-0.04677290469198494,0.02252767181961413,0.0019907570858686504,-0.005906978708424606,-0.004145159222262125,0.004004808353485447,0.02706821732467525,0.013658844069859476
case_0087,-0.08032374651638012,-0.010918362020888837,0.01596538152200539,-0.06717398763571893,-0.04885007271345223,0.006658138096073163,-0.007201085312437422,-0.03199322671258836,-0.028158369383161724,-0.027528354066952334,0.0008630419273738725,-0.017370219382249554,0.007229556216132636,0.033295493794441085,-0.04047945796654373,0.032705794165121364,0.002658083970303087,0.06128833421212892,0.022396717822129437,0.028093694811417175,-0.01224321996882847,0.03927117610916659,-0.001132383843342194,-0.00407756365068276,-0.008723075595866707,0.0028511450022484204,-0.03892155901901236,-0.04634259961077676,0.023031709211883272,0.0022954476032426255,-0.005595866769568596,-0.004603714346999933,0.003873493978566544,0.02775436803117355,0.013849675909670203
case_0088,-0.0793389534984011,-0.010878337677668359,0.015447547795896981,-0.06746798428376137,-0.048333841910753815,0.0062101378300313745,-0.006617001810261456,-0.03196400027270776,-0.027926782236640853,-0.027854319389928658,0.0012394102818369462,-0.01631225944103642,0.007635683614611315,0.03377782910927825,-0.039999329029648485,0.03282544362194702,0.0023160394733230476,0.06110469557876822,0.02228232807433795,0.028770608440234484,-0.012304087498917596,0.039674487183494866,-0.0008447272891772194,-0.0033241915221914405,-0.00900591291035286,0.0028413891561978395,-0.03826271184329461,-0.04675006717222025,0.022581906528749984,0.002550520305670412,-0.005460987311728571,-0.0038371017360727447,0.0039709407898085025,0.027206002596853848,0.013900761352537858
case_0089,-0.08013512240488424,-0.010435081915129138,0.01605596202030568,-0.06698474622528983,-0.048466052985122514,0.00602340866075189,-0.006897211967582195,-0.032203050668683314,-0.028191660803038986,-0.02763096992172814,0.0009230115947101557,-0.016651159032089236,0.006964098557502163,0.033059854425766734,-0.0404040630195747,0.033014384980846044,0.0034087571090293703,0.06126387132902025,0.02219033052104706,0.02821413558560236,-0.012120608669918246,0.04020388246229249,-0.0009775007281295524,-0.003835072479976406,-0.008878616763480769,0.0033440016904065393,-0.038207135101903024,-0.046434228051717805,0.02241437676813287,0.002589172398365397,-0.005686633283638001,-0.004710685595570591,0.003955668333952766,0.027374178090754934,0.013283550803743967
case_0090,-0.08047115216735572,-0.010757348215203546,0.01599488163411867,-0.06749023850755384,-0.04879486953261261,0.006726896868366338,-0.006787589766488283,-0.032019952501682485,-0.02819987239768316,-0.028121342704446092,0.0011351587720718267,-0.017090317287966037,0.006838063698133241,0.03407739626596641,-0.04007071038474439,0.032960697574704455,0.0031254910935734296,0.061434388547066586,0.022002148412862684,0.028777125970386154,-0.012112445975670325,0.03952415716359201,-0.0009134013380876939,-0.004329200839372469,-0.008898750219896997,0.002925162742408174,-0.03819100746459724,-0.0467930003750535,0.022508938311827816,0.0022884348899064465,-0.005804056481200712,-0.0037985841887943806,0.0037990517670757383,0.027245467316653994,0.01338781409956005
case_0091,-0.07973951575104904,-0.010903503504980297,0.015709668745716367,-0.0675511377439964,-0.0483599558647453,0.006189035646050382,-0.006970876938142192,-0.031951407977366515,-0.028232108197990713,-0.02757535730190841,0.0006610320294115251,-0.016150822131893887,0.007366231426040649,0.033867342911449654,-0.03993160268241529,0.03297811866875737,0.002421909722528184,0.06136347379317347,0.021998704341171717,0.028405993945777003,-0.012225096955354505,0.03901335519779963,-0.000885352662609495,-0.00368444412096789,-0.008884848689557122,0.002490992364605749,-0.03837124460386605,-0.04643336357684285,0.022003332548750344,0.0027488295698995624,-0.0056345104148168,-0.003906200579320387,0.004192886505759011,0.027107617826575586,0.013276158104280332
case_0092,-0.08018883103183043,-0.01093308932419593,0.016450442548793607,-0.06754043236897113,-0.04847333687591761,0.006405232858713912,-0.007034575173763161,-0.0320900855125047,-0.028070665064883715,-0.028085869429350766,0.0010320268211258222,-0.016915568619425107,0.00718628684178133,0.03329761471558344,-0.04032206865298554,0.03314531019643088,0.0028305346958112025,0.06130430804632189,0.022443325983862585,0.028568342782490323,-0.012366905483812557,0.03979047377930171,-0.001037917123447215,-0.003906942983807278,-0.008307866326938418,0.002814197586381305,-0.038513909218366164,-0.04716844669255983,0.022952162526000276,0.0021768907955172687,-0.0058202200145487295,-0.004554559870328809,0.003707272964754509,0.027281908124918097,0.013651457190527315
case_0093,-0.0805249487048168,-0.011025908638191513,0.015459237815387189,-0.06774877497446775,-0.048511928640828705,0.006377366808192009,-0.0070795049155870935,-0.03189682609704101,-0.028070152776307013,-0.027543362864904577,0.0005624723940663328,-0.01654007866692193,0.0072669716290194334,0.033940429176444485,-0.040264835495265425,0.03305545898250228,0.0025597409524747788,0.06183370004003877,0.022537687566015267,0.028413797651782938,-0.01219356319875504,0.040000781108132606,-0.0010737816796583535,-0.0034836835046375054,-0.008721813582974998,0.0031996873195181963,-0.03926314462398244,-0.04735159038350968,0.023265485225286896,0.0021955428401590287,-0.0055636447537978275,-0.004680198113307284,0.004487072129822772,0.02745827424768593,0.01360471015909615
case_0094,-0.07956276372212412,-0.009957968363366774,0.015400004467497055,-0.06731541702803745,-0.04832848871948766,0.006122582051782456,-0.007077594120849157,-0.03216821134184765,-0.028277758370628424,-0.027188233439806503,0.0002693191647445909,-0.01691144490436046,0.007048325425666066,0.0333257192098563,-0.03955586496754029,0.03265520621561703,0.0024627097172053468,0.06089448081969851,0.02251702536347635,0.02801997283865227,-0.01197370566118283,0.03938404630783279,-0.0010241800354311122,-0.003649680169330314,-0.008354951842646098,0.003127528470098066,-0.03826484867269424,-0.04645468395154151,0.022559276634460678,0.0020141286467004944,-0.005659734373774261,-0.00448324709976812,0.0042488483219654555,0.027325596187081996,0.013867864947252548
case_0095,-0.08012581026943466,-0.010933329275156967,0.015942469794254465,-0.0670368003031139,-0.048349117720581675,0.00625504343703181,-0.007267484332733534,-0.03180541804325079,-0.028175283464318798,-0.02818504324048417,0.0008697432203336259,-0.016380445887157157,0.007281592906221856,0.03348551575213627,-0.04011097044211579,0.03280946639142744,0.002769340225304058,0.06121333337868957,0.022251864887291917,0.028992819390602283,-0.011512380900386464,0.0395320103190618,-0.0010682956263854007,-0.003895502982097591,-0.008243211102907608,0.0029552569761541066,-0.03826828738289999,-0.046390250652746406,0.023120449993188935,0.0023757771120157564,-0.005295507573639825,-0.0038857071979357077,0.004049325473459737,0.027307636929460685,0.01337658393985975
case_0096,-0.07677598886779749,-0.010274790402759153,0.014875759900759112,-0.0655534402078057,-0.04659456271199636,0.005765578933469291,-0.006402815888622685,-0.030329474653014495,-0.027356076516928046,-0.02685470391858506,0.0013505961180532012,-0.016173858612037666,0.007271925302973349,0.032575851261303274,-0.03971622756628037,0.03255274058738829,0.00277969868935468,0.05960988473702254,0.022125669224389244,0.027751664318923976,-0.01208111277365105,0.03818880206319,-0.0008745422696907485,-0.003751591128349064,-0.008524455733015657,0.002470466295335549,-0.03768949540667822,-0.04568187366291139,0.02235151133774809,0.001079256091617154,-0.0054148521347619,-0.0055273171361082864,0.003990409492226585,0.02597976446175391,0.013230297617083393
case_0097,-0.07916518182101813,-0.009362528636617197,0.015732946836371876,-0.06634087458533579,-0.04903647509119757,0.005879184544924174,-0.006954504403341162,-0.03148572532978282,-0.028023812690776216,-0.027294309005493653,0.001046103368857766,-0.0167261511194081,0.007075131214086943,0.03314038853212676,-0.040330711392332554,0.033000885837088385,0.00227179619721885,0.06109676444347669,0.022150453861935662,0.028109470793708277,-0.012222772121229413,0.03949034814909765,-0.0011347754885331813,-0.0035683237925596043,-0.008827400467809571,0.00255376851640604,-0.03787427923108719,-0.045132949655770055,0.02221658679511921,0.0019881304301819424,-0.005420982694212061,-0.004460375396835856,0.004176286274566365,0.02778355713031336,0.01339941961776237
case_0098,-0.0799241162259061,-0.010582921052413359,0.015559210794098256,-0.06738487082410709,-0.048227973352993,0.006459348465727819,-0.006577836096063702,-0.03142541226470484,-0.02799512714558521,-0.02754933528121475,0.0007957831508774778,-0.016471159991560392,0.007020558999596491,0.03395644745367759,-0.04059448123913213,0.03295117573781387,0.002837108332789086,0.06138383412727848,0.022401458020446213,0.028356933219673378,-0.012121915768609779,0.03917675921194676,-0.0008617443052013994,-0.003312205574835489,-0.008354209008830524,0.0027409702009377913,-0.038046169080110576,-0.046739232248791396,0.022403479706663336,0.0020336716791210688,-0.005656872552992738,-0.0043842974172049656,0.004206111211826784,0.027727944890229672,0.01402836074045587
case_0099,-0.07764421666246278,-0.010404111227392177,0.015298121264394235,-0.06452418265467358,-0.04621727954840163,0.005554824754461903,-0.006464565101854675,-0.030903118621283362,-0.026544726402677316,-0.026001779261037992,0.0006927155001193542,-0.015733004781873797,0.007248861552821735,0.03213961691276062,-0.03901068893692916,0.03224884323272587,0.0031067300333200236,0.05998744467535686,0.022452210271627096,0.027645899905717395,-0.01195154843303716,0.03832081780266847,-0.0007947944082282387,-0.0033129558939830593,-0.008353920799080464,0.0032206360044651793,-0.03723781822595485,-0.0454186494891762,0.021941605720823813,0.0008731914020605289,-0.005878237501946238,-0.006337809136553789,0.004413312797910294,0.025852181156970466,0.012901866949256761
