case_id,0
case_0000,0.6767538729942604
case_0001,0.6856819197060896
case_0002,0.7019395779239024
case_0003,0.6787007558235884
case_0004,0.6807755088828388
case_0005,0.6672074182902468
case_0006,0.6732278039042472
case_0007,0.6750977432878605
case_0008,0.6739982225117472
case_0009,0.6661265787651551
case_0010,0.6780565235991617
case_0011,0.6705442406958441
case_0012,0.6792685496085951
case_0013,0.6937934232891653
case_0014,0.6792737763353335
case_0015,0.6865434119364233
case_0016,0.6808516733928474
case_0017,0.6865644002436149
case_0018,0.678048540384404
case_0019,0.677476945260677
case_0020,0.0003824043825384482
case_0021,0.6732793536008619
case_0022,0.6768516966044821
case_0023,0.6774847121942762
case_0024,0.6706822763124954
case_0025,0.6672143181284245
case_0026,0.677737313847053
case_0027,0.68941670857668
case_0028,0.6831816708213366
case_0029,0.7123657042006434
case_0030,0.6631612271644889
case_0031,0.6671131851591436
case_0032,0.6749638638982816
case_0033,0.6649801238512119
case_0034,0.6619211661299889
case_0035,0.6766624003578123
case_0036,0.6850048665370061
case_0037,0.6799678845348627
case_0038,0.6653554187215844
case_0039,0.6795632998614363
case_0040,0.6838424502007691
case_0041,0.6759465268182192
case_0042,0.6780243667714467
case_0043,0.6742243001839912
case_0044,0.6733299277781369
case_0045,0.6780559193717322
case_0046,0.6682096455686026
case_0047,0.65033808810283
case_0048,0.6843635676676817
case_0049,0.6779613968617848
case_0050,0.6607549163080445
case_0051,0.6723384829953176
case_0052,0.008933235464005373
case_0053,0.6584391617339038
case_0054,0.6707767963224689
case_0055,0.6778884940688574
case_0056,0.6667572574011351
case_0057,0.6767386325492433
case_0058,0.6810298774369009
case_0059,0.6813951730173228
case_0060,0.674568436121322
case_0061,0.6738959246214646
case_0062,0.7328031478677919
case_0063,0.669211820674918
case_0064,0.6808992101053704
case_0065,0.6806945025718298
case_0066,0.6748243363245686
case_0067,0.6833515315048839
case_0068,0.6832377714777578
case_0069,0.6794171144193955
case_0070,0.6807426815114321
case_0071,0.6789410272836048
case_0072,0.6792552538481273
case_0073,0.6879995787852569
case_0074,0.6735125959288618
case_0075,0.6931778503790732
case_0076,0.6748688715853861
case_0077,0.6643345060680425
case_0078,0.674793661340558
case_0079,0.6919308057715339
case_0080,0.6716487620287965
case_0081,0.6731278425541174
case_0082,0.6768953691339346
case_0083,0.6705738778292545
case_0084,0.6693108092300646
case_0085,0.6810841955382658
case_0086,0.6693092947407512
case_0087,0.6771356984081229
case_0088,0.6677057235207096
case_0089,0.6623896907200443
case_0090,0.658179755179919
case_0091,0.6796845040791595
case_0092,0.6871088901277052
case_0093,0.6702339083663804
case_0094,0.653597187552483
case_0095,0.6706651720778041
case_0096,0.7085140716002112
case_0097,0.6678223238513898
case_0098,0.6736740417106706
case_0099,0.6957895737135649
