case_id,original_label,perturbation_label,original_confidence,perturbation_confidence,flipped,confidence_delta,total_perturbation_magnitude
case_0000,Good,Good,85.0,85.0,False,0.0,4.600000000000001
case_0004,Good,Good,85.0,85.0,False,0.0,5.699999999999996
case_0010,Good,Good,90.0,85.0,False,-5.0,8.399999999999988
case_0018,Good,Good,95.0,95.0,False,0.0,4.499999999999997
case_0022,Bad,Bad,78.0,85.0,False,7.0,6.1000000000000085
case_0030,Good,Good,95.0,95.0,False,0.0,3.700000000000001
case_0031,Bad,Bad,74.0,75.0,False,1.0,7.199999999999992
case_0033,Good,Good,85.0,85.0,False,0.0,4.399999999999995
case_0039,Bad,Bad,78.0,85.0,False,7.0,6.499999999999986
case_0045,Good,Good,95.0,95.0,False,0.0,6.299999999999997
case_0053,Good,Good,85.0,85.0,False,0.0,6.299999999999997
case_0070,Good,Good,85.0,85.0,False,0.0,4.700000000000003
case_0076,Bad,Bad,74.0,75.0,False,1.0,3.1000000000000014
case_0077,Good,Good,85.0,85.0,False,0.0,11.000000000000004
case_0080,Bad,Bad,77.0,75.0,False,-2.0,7.599999999999994
case_0083,Good,Good,85.0,85.0,False,0.0,8.700000000000003
case_0090,Good,Good,89.0,85.0,False,-4.0,8.800000000000004
