case_id,original_label,rewording_label,original_confidence,rewording_confidence,flipped,confidence_delta
case_0000,Good,Good,85.0,85.0,False,0.0
case_0002,Bad,Bad,68.0,70.0,False,2.0
case_0004,Good,Good,85.0,85.0,False,0.0
case_0005,Bad,Bad,68.0,75.0,False,7.0
case_0007,Good,Good,91.0,85.0,False,-6.0
case_0008,Bad,Bad,85.0,85.0,False,0.0
case_0009,Good,Good,95.0,95.0,False,0.0
case_0010,Good,Good,90.0,95.0,False,5.0
case_0011,Good,Good,85.0,85.0,False,0.0
case_0013,Bad,Good,68.0,85.0,True,17.0
case_0014,Good,Good,95.0,85.0,False,-10.0
case_0015,Good,Good,95.0,95.0,False,0.0
case_0016,Bad,Bad,79.0,75.0,False,-4.0
case_0017,Good,Good,85.0,85.0,False,0.0
case_0018,Good,Good,95.0,95.0,False,0.0
case_0019,Bad,Bad,76.0,85.0,False,9.0
case_0020,Bad,Bad,70.0,70.0,False,0.0
case_0021,Good,Good,95.0,85.0,False,-10.0
case_0022,Bad,Bad,78.0,85.0,False,7.0
case_0023,Good,Good,95.0,95.0,False,0.0
case_0025,Good,Good,95.0,95.0,False,0.0
case_0027,Good,Good,85.0,85.0,False,0.0
case_0028,Good,Good,95.0,95.0,False,0.0
case_0029,Bad,Bad,85.0,85.0,False,0.0
case_0030,Good,Good,95.0,85.0,False,-10.0
case_0033,Good,Good,85.0,85.0,False,0.0
case_0034,Good,Good,85.0,85.0,False,0.0
case_0035,Good,Good,95.0,95.0,False,0.0
case_0036,Bad,Bad,85.0,85.0,False,0.0
case_0037,Bad,Bad,75.0,75.0,False,0.0
case_0038,Bad,Bad,81.0,85.0,False,4.0
case_0039,Bad,Bad,78.0,80.0,False,2.0
case_0040,Good,Good,95.0,95.0,False,0.0
case_0041,Good,Good,85.0,85.0,False,0.0
case_0042,Good,Good,95.0,95.0,False,0.0
case_0045,Good,Good,95.0,95.0,False,0.0
case_0046,Bad,Bad,85.0,85.0,False,0.0
case_0048,Bad,Bad,70.0,70.0,False,0.0
case_0049,Good,Good,95.0,95.0,False,0.0
case_0050,Good,Good,95.0,95.0,False,0.0
case_0051,Good,Good,95.0,95.0,False,0.0
case_0052,Bad,Bad,85.0,85.0,False,0.0
case_0053,Good,Good,85.0,85.0,False,0.0
case_0054,Good,Good,95.0,95.0,False,0.0
case_0055,Bad,Bad,76.0,85.0,False,9.0
case_0056,Good,Good,95.0,95.0,False,0.0
case_0058,Good,Good,85.0,85.0,False,0.0
case_0059,Bad,Good,68.0,85.0,True,17.0
case_0062,Bad,Bad,81.0,75.0,False,-6.0
case_0063,Bad,Bad,75.0,75.0,False,0.0
case_0064,Bad,Bad,79.0,75.0,False,-4.0
case_0065,Bad,Bad,85.0,75.0,False,-10.0
case_0066,Bad,Bad,84.0,80.0,False,-4.0
case_0067,Bad,Bad,70.0,70.0,False,0.0
case_0068,Bad,Bad,76.0,70.0,False,-6.0
case_0069,Bad,Bad,75.0,70.0,False,-5.0
case_0070,Good,Good,85.0,85.0,False,0.0
case_0071,Good,Good,92.0,85.0,False,-7.0
case_0073,Good,Good,82.0,85.0,False,3.0
case_0076,Bad,Bad,74.0,75.0,False,1.0
case_0077,Good,Good,85.0,95.0,False,10.0
case_0078,Good,Good,85.0,85.0,False,0.0
case_0079,Bad,Bad,78.0,80.0,False,2.0
case_0080,Bad,Bad,77.0,70.0,False,-7.0
case_0081,Good,Good,85.0,85.0,False,0.0
case_0082,Good,Good,93.0,85.0,False,-8.0
case_0083,Good,Good,85.0,85.0,False,0.0
case_0084,Good,Good,95.0,95.0,False,0.0
case_0086,Good,Good,95.0,85.0,False,-10.0
case_0087,Good,Good,95.0,95.0,False,0.0
case_0088,Good,Good,95.0,95.0,False,0.0
case_0089,Bad,Bad,81.0,85.0,False,4.0
case_0090,Good,Good,89.0,85.0,False,-4.0
case_0091,Bad,Bad,85.0,85.0,False,0.0
case_0093,Bad,Bad,85.0,75.0,False,-10.0
case_0094,Good,Good,95.0,95.0,False,0.0
case_0095,Bad,Bad,81.0,75.0,False,-6.0
case_0096,Bad,Bad,85.0,85.0,False,0.0
case_0097,Good,Good,95.0,95.0,False,0.0
case_0099,Bad,Bad,76.0,85.0,False,9.0
